,Model,Metric,Value,run
0,blstm2,mae,1.695808729338929,0
1,blstm2,mad,1.363951363601685,0
2,blstm2,r2,0.6617580827796483,0
0,blstm2,mae,1.59051861191911,1
1,blstm2,mad,1.315148094329834,1
2,blstm2,r2,0.6646272343723368,1
0,blstm2,mae,1.7240946538840494,2
1,blstm2,mad,1.410831450088501,2
2,blstm2,r2,0.6110914703885209,2
