,Model,Metric,Value,run
0,lstm1v0,mae,2.912906665604476,0
1,lstm1v0,mad,2.5315651708984372,0
2,lstm1v0,r2,0.04703904139528159,0
0,lstm1v0,mae,2.633933449628222,1
1,lstm1v0,mad,2.0573610923767087,1
2,lstm1v0,r2,0.11115888949123554,1
0,lstm1v0,mae,2.79874233061453,2
1,lstm1v0,mad,2.3795128811035156,2
2,lstm1v0,r2,0.06380184044671933,2
