,Model,Metric,Value,run
0,blstm2,mae,2.9863335036936336,8
1,blstm2,mad,2.5298277419433592,8
2,blstm2,r2,-0.06680402546581021,8
