,Model,Metric,Value,run
0,blstm2,mae,2.0922786727930425,8
1,blstm2,mad,1.6395196373138425,8
2,blstm2,r2,0.44546632415613374,8
