,Model,Metric,Value,run
0,blstm1,mae,2.986571420438997,8
1,blstm1,mad,2.6323874536743164,8
2,blstm1,r2,-0.031977933147671944,8
