,Model,Metric,Value,run
0,blstm2,mae,2.898996312511905,5
1,blstm2,mad,2.6717972133789054,5
2,blstm2,r2,-0.012714032679157272,5
