,Model,Metric,Value,run
0,blstm1,mae,1.6618303599531574,0
1,blstm1,mad,1.325906325439453,0
2,blstm1,r2,0.6515609430890996,0
