,Model,Metric,Value,run
0,blstm2,mae,2.3499235140866293,9
1,blstm2,mad,1.9990270881958012,9
2,blstm2,r2,0.32676146216742674,9
