,Model,Metric,Value,run
0,blstm1,mae,1.6641937365050263,3
1,blstm1,mad,1.2522888812866215,3
2,blstm1,r2,0.6029240274260914,3
