,Model,Metric,Value,run
0,blstm2,mae,2.968084823815146,5
1,blstm2,mad,2.802041703857422,5
2,blstm2,r2,-0.033429916342844646,5
