,Model,Metric,Value,run
0,blstm1,mae,2.972828808291928,2
1,blstm1,mad,2.6881308230285645,2
2,blstm1,r2,-0.004168895967329833,2
