,Model,Metric,Value,run
0,blstm1,mae,3.0287195234688555,0
1,blstm1,mad,2.7501946336059566,0
2,blstm1,r2,-0.0035457164323469126,0
