,Model,Metric,Value,run
0,blstm1,mae,2.92883367019603,2
1,blstm1,mad,2.519041463256836,2
2,blstm1,r2,-0.00010114705027763904,2
