,Model,Metric,Value,run
0,blstm1,mae,1.8109318528542153,6
1,blstm1,mad,1.6357104884643556,6
2,blstm1,r2,0.6056308211524652,6
