,Model,Metric,Value,run
0,blstm2,mae,1.583468454765823,9
1,blstm2,mad,1.3277869272155765,9
2,blstm2,r2,0.6799263808754048,9
