,Model,Metric,Value,run
0,blstm2,mae,2.8543386205425887,4
1,blstm2,mad,2.5981926226806644,4
2,blstm2,r2,-0.011164203381332616,4
