,Model,Metric,Value,run
0,blstm2,mae,2.920497487375783,2
1,blstm2,mad,2.5151411949157723,2
2,blstm2,r2,-0.0008539261455096092,2
