,Model,Metric,Value,run
0,blstm2,mae,3.0364755029835124,7
1,blstm2,mad,2.7586912372131343,7
2,blstm2,r2,-0.0014386700080692982,7
