,Model,Metric,Value,run
0,blstm2,mae,2.8464818802872545,1
1,blstm2,mad,2.344428032348633,1
2,blstm2,r2,-5.5229673249002076e-05,1
