,Model,Metric,Value,run
0,blstm1,mae,1.8481719327165373,7
1,blstm1,mad,1.4319656943664558,7
2,blstm1,r2,0.5648383022092998,7
