,Model,Metric,Value,run
0,blstm1,mae,2.8677288562072083,5
1,blstm1,mad,2.576411580688476,5
2,blstm1,r2,-0.006091352552486828,5
