,Model,Metric,Value,run
0,blstm2,mae,1.8494249375594423,5
1,blstm2,mad,1.5637641738281243,5
2,blstm2,r2,0.5402583205306664,5
