,Model,Metric,Value,run
0,blstm2,mae,3.317614571302644,1
1,blstm2,mad,3.223845367309571,1
2,blstm2,r2,-0.18192709099263205,1
