,Model,Metric,Value,run
0,blstm1,mae,3.0110432868831762,0
1,blstm1,mad,2.5355928448791505,0
2,blstm1,r2,-0.08359589725692973,0
