,Model,Metric,Value,run
0,blstm2,mae,1.7919502832399303,7
1,blstm2,mad,1.3607198013458248,7
2,blstm2,r2,0.5978003738430306,7
