,Model,Metric,Value,run
0,blstm1,mae,1.6450547549523156,0
1,blstm1,mad,1.2720056700744635,0
2,blstm1,r2,0.6555342658173726,0
