,Model,Metric,Value,run
0,blstm2,mae,3.0563661524985175,7
1,blstm2,mad,2.7940861365966794,7
2,blstm2,r2,0.0001901614838414334,7
