,Model,Metric,Value,run
0,blstm1,mae,1.803038434898125,7
1,blstm1,mad,1.4157621067504884,7
2,blstm1,r2,0.6002517424692901,7
