,Model,Metric,Value,run
0,blstm1,mae,2.917494849030547,2
1,blstm1,mad,2.51440168927002,2
2,blstm1,r2,-0.0011618073065760015,2
