,Model,Metric,Value,run
0,blstm2,mae,2.0423314556116794,5
1,blstm2,mad,1.6599117572021482,5
2,blstm2,r2,0.44495404485966794,5
