,Model,Metric,Value,run
0,blstm2,mae,2.9621826710703085,2
1,blstm2,mad,2.635269494415283,2
2,blstm2,r2,-0.0023919022298688475,2
