,Model,Metric,Value,run
0,blstm1,mae,2.9743557232565405,8
1,blstm1,mad,2.6598480609130855,8
2,blstm1,r2,0.008203076767015705,8
