,Model,Metric,Value,run
0,blstm2,mae,2.8979448937071077,9
1,blstm2,mad,2.6645718262023923,9
2,blstm2,r2,-0.00026934615440965537,9
