,Model,Metric,Value,run
0,blstm2,mae,1.7511305093527154,0
1,blstm2,mad,1.3323187349243164,0
2,blstm2,r2,0.6316420673385148,0
