,Model,Metric,Value,run
0,blstm2,mae,2.7526427710846284,9
1,blstm2,mad,2.513042696746826,9
2,blstm2,r2,0.12250761422117262,9
