,Model,Metric,Value,run
0,blstm1,mae,2.834269637650039,5
1,blstm1,mad,2.5372598644104003,5
2,blstm1,r2,-0.001529003374155291,5
