,Model,Metric,Value,run
0,blstm1,mae,2.0877836656737276,4
1,blstm1,mad,1.5116473199768068,4
2,blstm1,r2,0.37359995247432265,4
