,Model,Metric,Value,run
0,blstm2,mae,2.824931782235282,4
1,blstm2,mad,2.5127236803894037,4
2,blstm2,r2,-0.00365382489890953,4
