,Model,Metric,Value,run
0,blstm1,mae,1.9307171628116147,7
1,blstm1,mad,1.5969625479736322,7
2,blstm1,r2,0.5331024810626026,7
