,Model,Metric,Value,run
0,blstm2,mae,2.82317734113119,4
1,blstm2,mad,2.522976438995361,4
2,blstm2,r2,-0.0033850574005458434,4
