,Model,Metric,Value,run
0,blstm2,mae,2.9651306961329538,3
1,blstm2,mad,2.7241495790710446,3
2,blstm2,r2,-0.0007500265072226675,3
