,Model,Metric,Value,run
0,blstm1,mae,2.488824157561082,6
1,blstm1,mad,2.3430636828002926,6
2,blstm1,r2,0.31532851891127067,6
