,Model,Metric,Value,run
0,blstm2,mae,1.6215218245603122,0
1,blstm2,mad,1.2429742726440427,0
2,blstm2,r2,0.6612695740061494,0
