,Model,Metric,Value,run
0,blstm2,mae,3.011496650551764,0
1,blstm2,mad,2.673880683868408,0
2,blstm2,r2,-0.018951956137391868,0
