,Model,Metric,Value,run
0,blstm2,mae,3.0271434902015093,0
1,blstm2,mad,2.7577451553344727,0
2,blstm2,r2,-0.004079424040429824,0
