,Model,Metric,Value,run
0,blstm1,mae,3.071511220725091,0
1,blstm1,mad,2.8564495944213864,0
2,blstm1,r2,-0.0012965387410306395,0
