,Model,Metric,Value,run
0,blstm2,mae,2.227089606204777,3
1,blstm2,mad,1.7688953721466065,3
2,blstm2,r2,0.39499716620506864,3
