,Model,Metric,Value,run
0,blstm2,mae,2.2545775492670246,6
1,blstm2,mad,1.866357911621094,6
2,blstm2,r2,0.37266445705560103,6
