,Model,Metric,Value,run
0,blstm1,mae,1.6863861200882628,8
1,blstm1,mad,1.3907370649719235,8
2,blstm1,r2,0.6570900157077173,8
