,Model,Metric,Value,run
0,blstm1,mae,1.7083702019068958,7
1,blstm1,mad,1.2773702612915034,7
2,blstm1,r2,0.6242848757557394,7
