,Model,Metric,Value,run
0,blstm2,mae,3.189086526751508,3
1,blstm2,mad,3.0132563650207524,3
2,blstm2,r2,-0.07911717688920272,3
