,Model,Metric,Value,run
0,blstm1,mae,2.246759510675032,1
1,blstm1,mad,1.9398483048706057,1
2,blstm1,r2,0.36175518207552626,1
