,Model,Metric,Value,run
0,blstm2,mae,3.0037708215352157,7
1,blstm2,mad,2.612399302001953,7
2,blstm2,r2,-0.007996971035388656,7
