,Model,Metric,Value,run
0,blstm1,mae,2.833959860138945,1
1,blstm1,mad,2.355706071899414,1
2,blstm1,r2,-0.00157171878759077,1
