,Model,Metric,Value,run
0,blstm2,mae,1.9201845313594106,2
1,blstm2,mad,1.5300943478546145,2
2,blstm2,r2,0.506239975936219,2
