,Model,Metric,Value,run
0,blstm1,mae,1.7600695460610023,2
1,blstm1,mad,1.486223841262818,2
2,blstm1,r2,0.5573308207891465,2
