,Model,Metric,Value,run
0,blstm1,mae,2.8439734338767924,1
1,blstm1,mad,2.34917019329834,1
2,blstm1,r2,-0.0002399697516388688,1
