,Model,Metric,Value,run
0,blstm1,mae,2.911214072642735,9
1,blstm1,mad,2.6521357569580077,9
2,blstm1,r2,0.00017726433481257686,9
