,Model,Metric,Value,run
0,blstm2,mae,1.9458076335840748,4
1,blstm2,mad,1.757393192260742,4
2,blstm2,r2,0.4790669517342906,4
