,Model,Metric,Value,run
0,blstm1,mae,2.978041573737847,6
1,blstm1,mad,2.866784226043701,6
2,blstm1,r2,-0.004181326087130621,6
