,Model,Metric,Value,run
0,blstm1,mae,3.317591172025073,6
1,blstm1,mad,3.1772661477966313,6
2,blstm1,r2,-0.14528429587485947,6
