,Model,Metric,Value,run
0,blstm2,mae,1.9529957478962994,3
1,blstm2,mad,1.5762228157348628,3
2,blstm2,r2,0.4949333621175457,3
