,Model,Metric,Value,run
0,blstm2,mae,3.0029155526495295,0
1,blstm2,mad,2.5431336142578127,0
2,blstm2,r2,-0.04789244188269959,0
