,Model,Metric,Value,run
0,blstm2,mae,1.6507162220661036,4
1,blstm2,mad,1.307913799911499,4
2,blstm2,r2,0.5980782159960691,4
