,Model,Metric,Value,run
0,blstm2,mae,2.375647632917886,3
1,blstm2,mad,1.9223958357543944,3
2,blstm2,r2,0.29728863258267046,3
