,Model,Metric,Value,run
0,blstm2,mae,3.0084000087337293,3
1,blstm2,mad,2.769637065216064,3
2,blstm2,r2,-0.008037013974037777,3
