,Model,Metric,Value,run
0,blstm2,mae,3.0871555244764397,3
1,blstm2,mad,2.9599410015869143,3
2,blstm2,r2,-0.03309473030836929,3
