,Model,Metric,Value,run
0,blstm2,mae,1.7559587370030332,4
1,blstm2,mad,1.4192505634765622,4
2,blstm2,r2,0.5572838812142104,4
