,Model,Metric,Value,run
0,blstm2,mae,1.8485991399604045,9
1,blstm2,mad,1.608473790740967,9
2,blstm2,r2,0.5677364394809209,9
