,Model,Metric,Value,run
0,blstm2,mae,2.1143093547056426,1
1,blstm2,mad,1.7893683757019048,1
2,blstm2,r2,0.44000918817376167,1
