,Model,Metric,Value,run
0,blstm1,mae,3.0320234984882064,0
1,blstm1,mad,2.750582692932128,0
2,blstm1,r2,-0.00242619130872912,0
