,Model,Metric,Value,run
0,blstm2,mae,2.109299159079667,2
1,blstm2,mad,1.7583854862976072,2
2,blstm2,r2,0.43125853768596056,2
