,Model,Metric,Value,run
0,blstm2,mae,2.4438815171337755,8
1,blstm2,mad,1.9287410154724123,8
2,blstm2,r2,0.28257053636220053,8
