,Model,Metric,Value,run
0,blstm2,mae,1.7648395573760653,9
1,blstm2,mad,1.5029289052429204,9
2,blstm2,r2,0.6025526929159472,9
