,Model,Metric,Value,run
0,blstm1,mae,2.4027212849560415,8
1,blstm1,mad,2.1629551993560794,8
2,blstm1,r2,0.29873328724372616,8
