,Model,Metric,Value,run
0,blstm1,mae,1.9210769296580725,7
1,blstm1,mad,1.5791508125,7
2,blstm1,r2,0.5792332425341578,7
