,Model,Metric,Value,run
0,blstm2,mae,2.0845067696287547,3
1,blstm2,mad,1.738273173400879,3
2,blstm2,r2,0.4362769721311718,3
