,Model,Metric,Value,run
0,blstm2,mae,2.8919645507512355,2
1,blstm2,mad,2.500777277923584,2
2,blstm2,r2,-0.013476148772969987,2
