,Model,Metric,Value,run
0,blstm1,mae,2.8938364528407847,9
1,blstm1,mad,2.64431718093872,9
2,blstm1,r2,-0.0009082268137821092,9
