,Model,Metric,Value,run
0,blstm1,mae,1.6136899454177185,5
1,blstm1,mad,1.3001098044433599,5
2,blstm1,r2,0.6469634497386754,5
