,Model,Metric,Value,run
0,blstm1,mae,1.692057965912955,4
1,blstm1,mad,1.2718682811126705,4
2,blstm1,r2,0.5816791615051047,4
