,Model,Metric,Value,run
0,blstm1,mae,3.0001458335232574,8
1,blstm1,mad,2.729402544738769,8
2,blstm1,r2,-0.009220178367888021,8
