,Model,Metric,Value,run
0,blstm2,mae,2.2229591711226244,7
1,blstm2,mad,1.8376890976715088,7
2,blstm2,r2,0.4169964319430123,7
