,Model,Metric,Value,run
0,blstm1,mae,3.0843789557786883,8
1,blstm1,mad,2.7851855858154293,8
2,blstm1,r2,-0.010286608729966451,8
