,Model,Metric,Value,run
0,blstm1,mae,2.0650130137919334,5
1,blstm1,mad,1.703179325195313,5
2,blstm1,r2,0.43219135023729294,5
