,Model,Metric,Value,run
0,blstm2,mae,1.8730903241271135,3
1,blstm2,mad,1.4166094064941404,3
2,blstm2,r2,0.5173981674163955,3
