,Model,Metric,Value,run
0,blstm1,mae,1.8965268650132905,8
1,blstm1,mad,1.6058752225646975,8
2,blstm1,r2,0.5510735607384534,8
