,Model,Metric,Value,run
0,blstm1,mae,2.8247978903023854,1
1,blstm1,mad,2.3629646676025384,1
2,blstm1,r2,-0.004222553446970201,1
