,Model,Metric,Value,run
0,blstm1,mae,2.9197791505368405,2
1,blstm1,mad,2.5080990767822273,2
2,blstm1,r2,-0.0011195811503965647,2
