,Model,Metric,Value,run
0,blstm1,mae,3.0211903410059335,7
1,blstm1,mad,2.7058934065246585,7
2,blstm1,r2,-0.00360454591504511,7
