,Model,Metric,Value,run
0,blstm2,mae,3.036293071983421,6
1,blstm2,mad,2.979141769470215,6
2,blstm2,r2,-0.019275127345719234,6
