,Model,Metric,Value,run
0,blstm1,mae,2.1014934107266097,4
1,blstm1,mad,1.688837421142579,4
2,blstm1,r2,0.38170097402855796,4
