,Model,Metric,Value,run
0,blstm2,mae,1.6557922101868012,9
1,blstm2,mad,1.3768595073089602,9
2,blstm2,r2,0.669750768612009,9
