,Model,Metric,Value,run
0,blstm2,mae,1.533930703364781,8
1,blstm2,mad,1.2896723481140135,8
2,blstm2,r2,0.7085704132734213,8
