,Model,Metric,Value,run
0,blstm2,mae,2.9669213280492084,5
1,blstm2,mad,2.7981392685546878,5
2,blstm2,r2,-0.0330177767057398,5
