,Model,Metric,Value,run
0,blstm1,mae,2.4442167814931346,9
1,blstm1,mad,2.176472027893066,9
2,blstm1,r2,0.27242290867124475,9
