,Model,Metric,Value,run
0,blstm1,mae,2.877075660031832,3
1,blstm1,mad,2.303104613586426,3
2,blstm1,r2,-0.0332833263242831,3
