,Model,Metric,Value,run
0,blstm1,mae,2.213423897000826,4
1,blstm1,mad,1.846046600524902,4
2,blstm1,r2,0.34902854037728304,4
