,Model,Metric,Value,run
0,blstm2,mae,2.9787599836766163,5
1,blstm2,mad,2.829865077087402,5
2,blstm2,r2,-0.03706462507343722,5
