,Model,Metric,Value,run
0,blstm1,mae,2.249661241619571,6
1,blstm1,mad,2.0005587588500973,6
2,blstm1,r2,0.4045520635506047,6
