,Model,Metric,Value,run
0,blstm2,mae,3.0042057376916906,0
1,blstm2,mad,2.585890463256836,0
2,blstm2,r2,-0.03726568162866295,0
