,Model,Metric,Value,run
0,blstm2,mae,2.3428037597830635,3
1,blstm2,mad,1.9039890757751463,3
2,blstm2,r2,0.2712384933721187,3
