,Model,Metric,Value,run
0,blstm2,mae,1.804355707751012,7
1,blstm2,mad,1.408502978393555,7
2,blstm2,r2,0.5905163278996644,7
