,Model,Metric,Value,run
0,blstm1,mae,3.0118607969415683,0
1,blstm1,mad,2.6812997932128906,0
2,blstm1,r2,-0.01826055668712878,0
