,Model,Metric,Value,run
0,blstm1,mae,3.0155546497282923,5
1,blstm1,mad,2.8765450096435545,5
2,blstm1,r2,-0.05092542814936918,5
