,Model,Metric,Value,run
0,blstm2,mae,2.8638873306544377,1
1,blstm2,mad,2.3522313629760747,1
2,blstm2,r2,-0.0006692424947840614,1
