,Model,Metric,Value,run
0,blstm2,mae,2.0223471404072684,1
1,blstm2,mad,1.5968090766906746,1
2,blstm2,r2,0.4384789962673128,1
