,Model,Metric,Value,run
0,blstm1,mae,2.882301041785104,4
1,blstm1,mad,2.6918556616210934,4
2,blstm1,r2,-0.020492686543657435,4
