,Model,Metric,Value,run
0,blstm2,mae,1.6632227265334076,1
1,blstm2,mad,1.3384463573303225,1
2,blstm2,r2,0.6523383431899878,1
