,Model,Metric,Value,run
0,blstm1,mae,2.773872132982526,4
1,blstm1,mad,2.4030375033569333,4
2,blstm1,r2,-0.0013584975227742824,4
