,Model,Metric,Value,run
0,blstm2,mae,2.3178844111835355,0
1,blstm2,mad,2.105855709625244,0
2,blstm2,r2,0.41416161546129404,0
