,Model,Metric,Value,run
0,blstm2,mae,2.9603163945678044,7
1,blstm2,mad,2.387667607421875,7
2,blstm2,r2,-0.03812452574536418,7
