,Model,Metric,Value,run
0,blstm1,mae,2.891609076236264,1
1,blstm1,mad,2.3395765415039067,1
2,blstm1,r2,-0.0049980582835083,1
