,Model,Metric,Value,run
0,blstm2,mae,2.1608777513568587,4
1,blstm2,mad,1.8434678537292477,4
2,blstm2,r2,0.39007125121115727,4
