,Model,Metric,Value,run
0,blstm1,mae,2.2990016954397685,8
1,blstm1,mad,1.9818408211669922,8
2,blstm1,r2,0.3606145165855955,8
