,Model,Metric,Value,run
0,blstm2,mae,2.0932641555571503,8
1,blstm2,mad,1.6846599436035152,8
2,blstm2,r2,0.4329914864299904,8
