,Model,Metric,Value,run
0,blstm2,mae,2.137083824841845,9
1,blstm2,mad,1.7922017105712893,9
2,blstm2,r2,0.4445464053646294,9
