,Model,Metric,Value,run
0,blstm1,mae,3.666312899898991,6
1,blstm1,mad,3.5124232355041505,6
2,blstm1,r2,-0.37492889272213503,6
