,Model,Metric,Value,run
0,blstm1,mae,2.1404821299739463,1
1,blstm1,mad,1.7007053566436765,1
2,blstm1,r2,0.4087472905653272,1
