,Model,Metric,Value,run
0,blstm1,mae,1.8443483376286265,6
1,blstm1,mad,1.5581545936737053,6
2,blstm1,r2,0.5811374708705419,6
