,Model,Metric,Value,run
0,blstm1,mae,2.9474948799700056,6
1,blstm1,mad,2.789363649597168,6
2,blstm1,r2,-0.00027056539983649763,6
