,Model,Metric,Value,run
0,blstm1,mae,2.8975373584868045,5
1,blstm1,mad,2.666123709350585,5
2,blstm1,r2,-0.012408112557200424,5
