,Model,Metric,Value,run
0,blstm2,mae,2.901921298299601,6
1,blstm2,mad,2.5885092180480958,6
2,blstm2,r2,-0.005486599459321839,6
