,Model,Metric,Value,run
0,blstm1,mae,3.001147896331284,8
1,blstm1,mad,2.7286777522583003,8
2,blstm1,r2,-0.008697642164863018,8
