,Model,Metric,Value,run
0,blstm1,mae,1.7433155236545603,1
1,blstm1,mad,1.4137208861694335,1
2,blstm1,r2,0.5970687764979273,1
