,Model,Metric,Value,run
0,blstm2,mae,2.85859575081056,1
1,blstm2,mad,2.3792223202819827,1
2,blstm2,r2,-0.00025408422233752503,1
