,Model,Metric,Value,run
0,blstm1,mae,2.903517012379573,2
1,blstm1,mad,2.484580553009033,2
2,blstm1,r2,-0.005651987646055234,2
