,Model,Metric,Value,run
0,blstm2,mae,1.8113377476219763,6
1,blstm2,mad,1.515150091247559,6
2,blstm2,r2,0.5907466486954871,6
