,Model,Metric,Value,run
0,blstm1,mae,3.0067884377045684,0
1,blstm1,mad,2.622929336334229,0
2,blstm1,r2,-0.02798525915345662,0
