,Model,Metric,Value,run
0,blstm1,mae,1.87722252819011,5
1,blstm1,mad,1.5667946766662597,5
2,blstm1,r2,0.5199092338532021,5
