,Model,Metric,Value,run
0,blstm1,mae,3.076187561490405,7
1,blstm1,mad,2.8316464043884277,7
2,blstm1,r2,4.477600341634691e-05,7
