,Model,Metric,Value,run
0,blstm2,mae,3.072823166181124,7
1,blstm2,mad,2.8286179446411133,7
2,blstm2,r2,3.192491085068916e-05,7
