,Model,Metric,Value,run
0,blstm2,mae,1.7400778020361596,2
1,blstm2,mad,1.4708812871856694,2
2,blstm2,r2,0.622195100081231,2
