,Model,Metric,Value,run
0,blstm2,mae,2.923427154953841,6
1,blstm2,mad,2.745786957611084,6
2,blstm2,r2,-0.0005724036893166584,6
