,Model,Metric,Value,run
0,blstm1,mae,1.9164668018699058,6
1,blstm1,mad,1.5820619398803712,6
2,blstm1,r2,0.5289639590471346,6
