,Model,Metric,Value,run
0,blstm1,mae,2.227642416228158,1
1,blstm1,mad,1.8611589750518802,1
2,blstm1,r2,0.35271027835164215,1
