,Model,Metric,Value,run
0,blstm1,mae,2.86607737115009,1
1,blstm1,mad,2.3401855026855474,1
2,blstm1,r2,-0.0010002149610413014,1
