,Model,Metric,Value,run
0,blstm2,mae,2.8861396756580056,6
1,blstm2,mad,2.5226887867736814,6
2,blstm2,r2,-0.016126069677456556,6
