,Model,Metric,Value,run
0,blstm1,mae,1.8836814508500153,6
1,blstm1,mad,1.5768597135314941,6
2,blstm1,r2,0.5385865457919518,6
