,Model,Metric,Value,run
0,blstm1,mae,3.005980997191712,0
1,blstm1,mad,2.603369881225586,0
2,blstm1,r2,-0.03095818360915259,0
