,Model,Metric,Value,run
0,blstm2,mae,1.9832306464633314,1
1,blstm2,mad,1.5148986376647953,1
2,blstm2,r2,0.47373374109217015,1
