,Model,Metric,Value,run
0,blstm1,mae,2.843473684955136,1
1,blstm1,mad,2.349139198883057,1
2,blstm1,r2,-0.00025540031146986664,1
