,Model,Metric,Value,run
0,blstm2,mae,2.3000462381694082,5
1,blstm2,mad,1.9325985013427731,5
2,blstm2,r2,0.30252915140680414,5
