,Model,Metric,Value,run
0,blstm2,mae,2.8991035191306653,9
1,blstm2,mad,2.6666432078552242,9
2,blstm2,r2,0.00023330117629172253,9
