,Model,Metric,Value,run
0,blstm2,mae,2.8753446998150163,1
1,blstm2,mad,2.3217632696838377,1
2,blstm2,r2,-0.0021755638859100035,1
