,Model,Metric,Value,run
0,blstm1,mae,1.9857985589543439,0
1,blstm1,mad,1.6505253490295408,0
2,blstm1,r2,0.4954296821333247,0
