,Model,Metric,Value,run
0,blstm2,mae,2.987870272246476,8
1,blstm2,mad,2.6353942412109372,8
2,blstm2,r2,-0.028184110807072837,8
