,Model,Metric,Value,run
0,blstm1,mae,2.227190697483105,7
1,blstm1,mad,1.7480710364990237,7
2,blstm1,r2,0.376456171976014,7
