,Model,Metric,Value,run
0,blstm1,mae,1.6310993710172046,9
1,blstm1,mad,1.2708245263061526,9
2,blstm1,r2,0.6588137649998324,9
