,Model,Metric,Value,run
0,blstm1,mae,1.9573493930970915,5
1,blstm1,mad,1.6204082331237792,5
2,blstm1,r2,0.5005649812730917,5
