,Model,Metric,Value,run
0,blstm2,mae,3.0345811573332067,7
1,blstm2,mad,2.758697436096191,7
2,blstm2,r2,-0.001652030260378634,7
