,Model,Metric,Value,run
0,blstm2,mae,2.726673643881997,4
1,blstm2,mad,2.3326086962280277,4
2,blstm2,r2,0.04721855312668721,4
