,Model,Metric,Value,run
0,blstm1,mae,2.2651809221489034,5
1,blstm1,mad,1.7203248457641602,5
2,blstm1,r2,0.2599201020808657,5
