,Model,Metric,Value,run
0,blstm2,mae,1.8700840353888204,2
1,blstm2,mad,1.4960186666870117,2
2,blstm2,r2,0.5281590963401018,2
