,Model,Metric,Value,run
0,blstm1,mae,2.0240345840144736,8
1,blstm1,mad,1.6666879766540532,8
2,blstm1,r2,0.5088211796224478,8
