,Model,Metric,Value,run
0,blstm2,mae,1.8601481201115702,6
1,blstm2,mad,1.5811944028930665,6
2,blstm2,r2,0.5762480463261991,6
