,Model,Metric,Value,run
0,blstm2,mae,2.7547176604136374,4
1,blstm2,mad,2.3576753690185543,4
2,blstm2,r2,-0.021984238389802346,4
