,Model,Metric,Value,run
0,blstm1,mae,1.9803814413689416,0
1,blstm1,mad,1.6677573107299795,0
2,blstm1,r2,0.5350823911998746,0
