,Model,Metric,Value,run
0,blstm2,mae,1.8839377027256725,1
1,blstm2,mad,1.5790009817199704,1
2,blstm2,r2,0.5394684032050536,1
