,Model,Metric,Value,run
0,blstm2,mae,3.0805496550955302,6
1,blstm2,mad,3.072848874267578,6
2,blstm2,r2,-0.0340701335774396,6
