,Model,Metric,Value,run
0,blstm1,mae,2.8294880550694725,1
1,blstm1,mad,2.3733300060424805,1
2,blstm1,r2,-0.002521250817847376,1
