,Model,Metric,Value,run
0,blstm1,mae,2.399110463147174,8
1,blstm1,mad,2.0861670156860352,8
2,blstm1,r2,0.34086675036477454,8
