,Model,Metric,Value,run
0,blstm2,mae,1.6503959946553994,0
1,blstm2,mad,1.3007659039306643,0
2,blstm2,r2,0.6465431178156982,0
