,Model,Metric,Value,run
0,blstm2,mae,2.9733100123617984,1
1,blstm2,mad,2.6023729968261717,1
2,blstm2,r2,-0.02720431396478329,1
