,Model,Metric,Value,run
0,blstm2,mae,1.811547378049997,6
1,blstm2,mad,1.4822431863861083,6
2,blstm2,r2,0.5694125150903508,6
