,Model,Metric,Value,run
0,blstm1,mae,1.8190013378371352,9
1,blstm1,mad,1.6059890601806641,9
2,blstm1,r2,0.6003693834267438,9
