,Model,Metric,Value,run
0,blstm2,mae,1.9073326722728183,8
1,blstm2,mad,1.578795498840332,8
2,blstm2,r2,0.5432832755772846,8
