,Model,Metric,Value,run
0,blstm1,mae,2.9994582684009257,8
1,blstm1,mad,2.7327143825988767,8
2,blstm1,r2,-0.009897949168239384,8
