,Model,Metric,Value,run
0,blstm1,mae,3.0805132990340347,0
1,blstm1,mad,2.876737979187012,0
2,blstm1,r2,-1.4534000490673549e-05,0
