,Model,Metric,Value,run
0,blstm1,mae,2.909264204931574,2
1,blstm1,mad,2.2829845850524904,2
2,blstm1,r2,-0.09082214841427039,2
