,Model,Metric,Value,run
0,blstm2,mae,3.0129893118973614,0
1,blstm2,mad,2.705897914855957,0
2,blstm2,r2,-0.01664169851536479,0
