,Model,Metric,Value,run
0,blstm2,mae,2.912116922491891,2
1,blstm2,mad,2.503917636566162,2
2,blstm2,r2,-0.0023481006373984314,2
