,Model,Metric,Value,run
0,blstm2,mae,2.8862721343963957,2
1,blstm2,mad,2.399500861022949,2
2,blstm2,r2,-0.02216699197982397,2
