,Model,Metric,Value,run
0,blstm1,mae,2.90290640078903,5
1,blstm1,mad,2.686825213256835,5
2,blstm1,r2,-0.013738311516964474,5
