,Model,Metric,Value,run
0,blstm2,mae,2.924061332654345,6
1,blstm2,mad,2.745974831451416,6
2,blstm2,r2,-0.0005477118832215577,6
