,Model,Metric,Value,run
0,blstm2,mae,2.998384252980495,8
1,blstm2,mad,2.7267862100524902,8
2,blstm2,r2,-0.010860034468325397,8
