,Model,Metric,Value,run
0,blstm1,mae,2.9654037620351605,6
1,blstm1,mad,2.8415391282348637,6
2,blstm1,r2,-0.0021093789106529925,6
