,Model,Metric,Value,run
0,blstm1,mae,1.9287730213228165,3
1,blstm1,mad,1.4533298037719726,3
2,blstm1,r2,0.47289429755781065,3
