,Model,Metric,Value,run
0,blstm2,mae,1.6053178187820099,5
1,blstm2,mad,1.3054922996826166,5
2,blstm2,r2,0.6488598249047954,5
