,Model,Metric,Value,run
0,blstm1,mae,3.0064406939127153,8
1,blstm1,mad,2.7335931349182134,8
2,blstm1,r2,-0.004449283938595006,8
