,Model,Metric,Value,run
0,blstm2,mae,2.9858646873225956,8
1,blstm2,mad,2.609686891204834,8
2,blstm2,r2,-0.034408871443432076,8
