,Model,Metric,Value,run
0,blstm2,mae,2.3461074758295752,1
1,blstm2,mad,1.8608888262329102,1
2,blstm2,r2,0.2617222492465704,1
