,Model,Metric,Value,run
0,blstm2,mae,1.8533616387702188,8
1,blstm2,mad,1.5679572815551754,8
2,blstm2,r2,0.5805821999362921,8
