,Model,Metric,Value,run
0,blstm1,mae,2.0164725009094906,2
1,blstm1,mad,1.7154805551452634,2
2,blstm1,r2,0.475879403851329,2
