,Model,Metric,Value,run
0,blstm1,mae,1.7276795888246808,4
1,blstm1,mad,1.356896782897949,4
2,blstm1,r2,0.5555689914979738,4
