,Model,Metric,Value,run
0,blstm2,mae,3.0714305010805236,8
1,blstm2,mad,2.7868280358276367,8
2,blstm2,r2,-0.006530750411516406,8
