,Model,Metric,Value,run
0,blstm1,mae,3.0375163808602137,7
1,blstm1,mad,2.761477220123291,7
2,blstm1,r2,-0.0013744713169523415,7
