,Model,Metric,Value,run
0,blstm2,mae,2.319459332580399,2
1,blstm2,mad,1.8592318796386715,2
2,blstm2,r2,0.2771952837857583,2
