,Model,Metric,Value,run
0,blstm2,mae,2.014752742266477,3
1,blstm2,mad,1.6666247577056885,3
2,blstm2,r2,0.4778076072916304,3
