,Model,Metric,Value,run
0,blstm1,mae,1.8182856532863576,5
1,blstm1,mad,1.4756963637084963,5
2,blstm1,r2,0.5257038325850268,5
