,Model,Metric,Value,run
0,blstm1,mae,2.9972022087137407,7
1,blstm1,mad,2.571808995178223,7
2,blstm1,r2,-0.010423408802425538,7
