,Model,Metric,Value,run
0,blstm1,mae,2.94205708363292,3
1,blstm1,mad,2.633595870422363,3
2,blstm1,r2,0.004954646870693247,3
