,Model,Metric,Value,run
0,blstm2,mae,1.688632106106349,8
1,blstm2,mad,1.3194413532104496,8
2,blstm2,r2,0.6462429826927916,8
