,Model,Metric,Value,run
0,blstm1,mae,2.2838905939340277,7
1,blstm1,mad,1.7868310564575194,7
2,blstm1,r2,0.3529098008483402,7
