,Model,Metric,Value,run
0,blstm1,mae,3.0279202347901735,7
1,blstm1,mad,2.7434958311462405,7
2,blstm1,r2,-0.0024363666105853277,7
