,Model,Metric,Value,run
0,blstm1,mae,2.999606051240187,8
1,blstm1,mad,2.7317139371337884,8
2,blstm1,r2,-0.009461585582984933,8
