,Model,Metric,Value,run
0,blstm2,mae,2.9035762454966454,6
1,blstm2,mad,2.6153429222717284,6
2,blstm2,r2,-0.004673310452580459,6
