,Model,Metric,Value,run
0,blstm1,mae,2.977471996992342,6
1,blstm1,mad,2.865265524688721,6
2,blstm1,r2,-0.004072522305993642,6
