,Model,Metric,Value,run
0,blstm2,mae,3.057846576816768,8
1,blstm2,mad,2.773927718292237,8
2,blstm2,r2,-0.003144034696300091,8
