,Model,Metric,Value,run
0,blstm2,mae,2.968266949409736,5
1,blstm2,mad,2.802330667175293,5
2,blstm2,r2,-0.03349924186448261,5
