,Model,Metric,Value,run
0,blstm1,mae,2.5234573735580446,6
1,blstm1,mad,2.194386451446533,6
2,blstm1,r2,0.24039588704139958,6
