,Model,Metric,Value,run
0,blstm1,mae,3.0142315001584565,7
1,blstm1,mad,2.6587950473632813,7
2,blstm1,r2,-0.004933270726542149,7
