,Model,Metric,Value,run
0,blstm1,mae,2.124688223878127,9
1,blstm1,mad,1.8684176191101072,9
2,blstm1,r2,0.45950690961945895,9
