,Model,Metric,Value,run
0,blstm2,mae,2.316179625939673,2
1,blstm2,mad,1.8266431126403813,2
2,blstm2,r2,0.35638004504245424,2
