,Model,Metric,Value,run
0,blstm2,mae,2.3104029142762905,6
1,blstm2,mad,2.013600986785889,6
2,blstm2,r2,0.37288797678752794,6
