,Model,Metric,Value,run
0,blstm1,mae,1.6772754508595726,0
1,blstm1,mad,1.4098811907043451,0
2,blstm1,r2,0.6525800323752878,0
