,Model,Metric,Value,run
0,blstm1,mae,3.0137974017716296,3
1,blstm1,mad,2.785511229980468,3
2,blstm1,r2,-0.009234681426075086,3
