,Model,Metric,Value,run
0,blstm1,mae,2.314851164675702,1
1,blstm1,mad,1.9020398186340333,1
2,blstm1,r2,0.3024884560313037,1
