,Model,Metric,Value,run
0,blstm1,mae,1.9812808698980313,4
1,blstm1,mad,1.6325613943786617,4
2,blstm1,r2,0.4592994865700205,4
