,Model,Metric,Value,run
0,blstm2,mae,1.941844813960568,3
1,blstm2,mad,1.5632686054992675,3
2,blstm2,r2,0.48947970515477646,3
