,Model,Metric,Value,run
0,blstm1,mae,2.877635750401088,1
1,blstm1,mad,2.325297719726562,1
2,blstm1,r2,-0.0024814049874801736,1
