,Model,Metric,Value,run
0,blstm1,mae,2.1511060728099944,6
1,blstm1,mad,1.8912097275085453,6
2,blstm1,r2,0.4613127860634407,6
