,Model,Metric,Value,run
0,blstm1,mae,3.0194394473606994,7
1,blstm1,mad,2.6959441992187503,7
2,blstm1,r2,-0.003927880614365442,7
