,Model,Metric,Value,run
0,blstm1,mae,2.010052286430778,3
1,blstm1,mad,1.6824780567932125,3
2,blstm1,r2,0.47124490878779535,3
