,Model,Metric,Value,run
0,blstm1,mae,1.8973856983458968,6
1,blstm1,mad,1.6218272921752925,6
2,blstm1,r2,0.5693856203635491,6
