,Model,Metric,Value,run
0,blstm1,mae,2.3187860796803905,7
1,blstm1,mad,1.6737478080139159,7
2,blstm1,r2,0.31075213824627634,7
