,Model,Metric,Value,run
0,blstm2,mae,1.6763972738723751,2
1,blstm2,mad,1.3381048380737308,2
2,blstm2,r2,0.6248675748332544,2
