,Model,Metric,Value,run
0,blstm1,mae,2.7918839578788672,4
1,blstm1,mad,2.4841964436035155,4
2,blstm1,r2,-3.075954140507875e-05,4
