,Model,Metric,Value,run
0,blstm1,mae,2.310338399448269,9
1,blstm1,mad,2.000142605300902,9
2,blstm1,r2,0.3530603859628211,9
