,Model,Metric,Value,run
0,blstm2,mae,2.5591912043115803,6
1,blstm2,mad,2.4011897968750002,6
2,blstm2,r2,0.2542224184151345,6
