,Model,Metric,Value,run
0,blstm1,mae,1.955175722399785,1
1,blstm1,mad,1.6188373368835451,1
2,blstm1,r2,0.5000591205812255,1
