,Model,Metric,Value,run
0,blstm2,mae,2.123064076929281,7
1,blstm2,mad,1.650189487945557,7
2,blstm2,r2,0.4444285068078718,7
