,Model,Metric,Value,run
0,blstm1,mae,3.0261018879022292,3
1,blstm1,mad,2.8358377445373533,3
2,blstm1,r2,-0.012530957691174738,3
