,Model,Metric,Value,run
0,blstm1,mae,2.9536797460050477,5
1,blstm1,mad,2.771867344970703,5
2,blstm1,r2,-0.028458941402577098,5
