,Model,Metric,Value,run
0,blstm2,mae,2.9581405695649865,7
1,blstm2,mad,2.3799806686096185,7
2,blstm2,r2,-0.04175238149819349,7
