,Model,Metric,Value,run
0,blstm2,mae,2.9393780313499374,6
1,blstm2,mad,2.7823220064697263,6
2,blstm2,r2,2.0861431999752433e-05,6
