,Model,Metric,Value,run
0,blstm1,mae,2.5389161755658667,5
1,blstm1,mad,2.087530195587158,5
2,blstm1,r2,0.16443958027385597,5
