,Model,Metric,Value,run
0,blstm1,mae,2.1782171180263976,3
1,blstm1,mad,1.8788971207580571,3
2,blstm1,r2,0.41857765475656383,3
