,Model,Metric,Value,run
0,blstm1,mae,2.885454059842623,2
1,blstm1,mad,2.396858345184326,2
2,blstm1,r2,-0.026587243630429302,2
