,Model,Metric,Value,run
0,blstm2,mae,3.0412873441245947,8
1,blstm2,mad,2.7729889005126953,8
2,blstm2,r2,-0.000599624049886005,8
