,Model,Metric,Value,run
0,blstm2,mae,2.2711558788950152,4
1,blstm2,mad,1.9044147055053715,4
2,blstm2,r2,0.31068381913169896,4
