,Model,Metric,Value,run
0,blstm1,mae,2.8983715662328704,9
1,blstm1,mad,2.664963954986572,9
2,blstm1,r2,0.00012842078387031997,9
