,Model,Metric,Value,run
0,blstm1,mae,2.8981724229016987,6
1,blstm1,mad,2.5778609528808594,6
2,blstm1,r2,-0.006959978051310545,6
