,Model,Metric,Value,run
0,blstm2,mae,2.9607205764644746,3
1,blstm2,mad,2.691403761047363,3
2,blstm2,r2,-0.0005856450711128058,3
