,Model,Metric,Value,run
0,blstm2,mae,1.7931026192962312,4
1,blstm2,mad,1.512322419021607,4
2,blstm2,r2,0.5529632847999004,4
