,Model,Metric,Value,run
0,blstm1,mae,2.3214216076099268,5
1,blstm1,mad,1.8386624844970703,5
2,blstm1,r2,0.2741087170584614,5
