,Model,Metric,Value,run
0,blstm1,mae,2.8954369620022624,9
1,blstm1,mad,2.654264842620849,9
2,blstm1,r2,-0.0009605366174858521,9
