,Model,Metric,Value,run
0,blstm2,mae,3.0024546381795694,0
1,blstm2,mad,2.506560681060791,0
2,blstm2,r2,-0.0522193576943113,0
