,Model,Metric,Value,run
0,blstm1,mae,2.54921810847666,9
1,blstm1,mad,2.171300445953369,9
2,blstm1,r2,0.2369759354319776,9
