,Model,Metric,Value,run
0,blstm2,mae,3.0030927625568093,0
1,blstm2,mad,2.547288814697266,0
2,blstm2,r2,-0.04457485712544362,0
