,Model,Metric,Value,run
0,blstm2,mae,2.863000374240414,1
1,blstm2,mad,2.353195874603272,1
2,blstm2,r2,-0.0005881669531069278,1
