,Model,Metric,Value,run
0,blstm1,mae,2.922593142146351,2
1,blstm1,mad,2.5177132507934576,2
2,blstm1,r2,-0.0005775990316410073,2
