,Model,Metric,Value,run
0,blstm2,mae,1.9691734857047782,2
1,blstm2,mad,1.5471594458312987,2
2,blstm2,r2,0.49129495879696783,2
