,Model,Metric,Value,run
0,blstm2,mae,2.141732070853181,0
1,blstm2,mad,1.7364901429443353,0
2,blstm2,r2,0.4578747016579813,0
