,Model,Metric,Value,run
0,blstm2,mae,2.873756458463229,9
1,blstm2,mad,2.5210217640686032,9
2,blstm2,r2,-0.01902212436783679,9
