,Model,Metric,Value,run
0,blstm2,mae,2.8080226485260344,4
1,blstm2,mad,2.49404705581665,4
2,blstm2,r2,-0.0009738398249676816,4
