,Model,Metric,Value,run
0,blstm1,mae,3.0115868840425932,8
1,blstm1,mad,2.712133652557373,8
2,blstm1,r2,-0.0023350449301193787,8
