,Model,Metric,Value,run
0,blstm2,mae,2.2248740929027178,5
1,blstm2,mad,1.9153734602966308,5
2,blstm2,r2,0.3573276846621407,5
