,Model,Metric,Value,run
0,blstm1,mae,2.8006437716617794,4
1,blstm1,mad,2.498273716125489,4
2,blstm1,r2,-0.0002914936177469407,4
