,Model,Metric,Value,run
0,blstm2,mae,1.9548084787431652,7
1,blstm2,mad,1.6019798884887688,7
2,blstm2,r2,0.5489303848638705,7
