,Model,Metric,Value,run
0,blstm1,mae,2.248793904155857,4
1,blstm1,mad,1.8986608263854983,4
2,blstm1,r2,0.27388313289433086,4
