,Model,Metric,Value,run
0,blstm2,mae,1.936033724847982,5
1,blstm2,mad,1.6408982940063481,5
2,blstm2,r2,0.5254788575920343,5
