,Model,Metric,Value,run
0,blstm2,mae,2.844636402585711,1
1,blstm2,mad,2.3481807561950685,1
2,blstm2,r2,-0.00010013005418119114,1
