,Model,Metric,Value,run
0,blstm1,mae,2.8793344487173895,1
1,blstm1,mad,2.327144987609863,1
2,blstm1,r2,-0.0027697911834978495,1
