,Model,Metric,Value,run
0,blstm1,mae,2.987163690974477,8
1,blstm1,mad,2.515304672912597,8
2,blstm1,r2,-0.06975280643605553,8
