,Model,Metric,Value,run
0,blstm1,mae,3.0195614364536834,7
1,blstm1,mad,2.6964114996337893,7
2,blstm1,r2,-0.003957496257251059,7
