,Model,Metric,Value,run
0,blstm1,mae,2.890046694652348,3
1,blstm1,mad,2.412332476837158,3
2,blstm1,r2,-0.01582379494320718,3
