,Model,Metric,Value,run
0,blstm2,mae,1.7147432901236563,5
1,blstm2,mad,1.3989773598632809,5
2,blstm2,r2,0.5937059238620547,5
