,Model,Metric,Value,run
0,blstm2,mae,2.976061017913148,9
1,blstm2,mad,2.7679040765686036,9
2,blstm2,r2,-0.021106422045623185,9
