,Model,Metric,Value,run
0,blstm2,mae,1.652567179869348,7
1,blstm2,mad,1.2612522234191892,7
2,blstm2,r2,0.6587947019599985,7
