,Model,Metric,Value,run
0,blstm1,mae,2.164824830191476,6
1,blstm1,mad,1.7768611243591312,6
2,blstm1,r2,0.4066474272900106,6
