,Model,Metric,Value,run
0,blstm2,mae,3.0835226587973796,6
1,blstm2,mad,3.0760322436218255,6
2,blstm2,r2,-0.035129895378461784,6
