,Model,Metric,Value,run
0,blstm2,mae,2.859309201378623,1
1,blstm2,mad,2.376885279266358,1
2,blstm2,r2,-0.000324889455228794,1
