,Model,Metric,Value,run
0,blstm2,mae,1.7923885632171632,0
1,blstm2,mad,1.5282284517211906,0
2,blstm2,r2,0.6315455411668236,0
