,Model,Metric,Value,run
0,blstm1,mae,1.9221803182488741,3
1,blstm1,mad,1.5111992433776846,3
2,blstm1,r2,0.49911921171182905,3
