,Model,Metric,Value,run
0,blstm1,mae,1.7837502814540653,8
1,blstm1,mad,1.432640423675537,8
2,blstm1,r2,0.6066612664914306,8
