,Model,Metric,Value,run
0,blstm2,mae,1.818003241813073,4
1,blstm2,mad,1.4629349620361332,4
2,blstm2,r2,0.5262810355195647,4
