,Model,Metric,Value,run
0,blstm2,mae,2.8894396369644006,9
1,blstm2,mad,2.650439680633545,9
2,blstm2,r2,-0.002786868242269147,9
