,Model,Metric,Value,run
0,blstm1,mae,2.9228721748521407,3
1,blstm1,mad,2.539457388885498,3
2,blstm1,r2,-0.00222080684062842,3
