,Model,Metric,Value,run
0,blstm1,mae,1.8135545739058612,9
1,blstm1,mad,1.6185569901733396,9
2,blstm1,r2,0.6097448204481271,9
