,Model,Metric,Value,run
0,blstm2,mae,2.9883947878805306,8
1,blstm2,mad,2.6394412203674316,8
2,blstm2,r2,-0.026870948463665112,8
