,Model,Metric,Value,run
0,blstm1,mae,2.2614854666780744,0
1,blstm1,mad,1.9211380777587888,0
2,blstm1,r2,0.42401896944041184,0
