,Model,Metric,Value,run
0,blstm1,mae,2.1264290168723643,9
1,blstm1,mad,1.7716374845886227,9
2,blstm1,r2,0.453848604720154,9
