,Model,Metric,Value,run
0,blstm1,mae,3.2654700193142734,9
1,blstm1,mad,3.0503605388183592,9
2,blstm1,r2,-0.17928064516611264,9
