,Model,Metric,Value,run
0,blstm1,mae,2.075452925333463,9
1,blstm1,mad,1.7385081041107173,9
2,blstm1,r2,0.4495533825128345,9
