,Model,Metric,Value,run
0,blstm2,mae,2.918520713465932,6
1,blstm2,mad,2.7142110903625487,6
2,blstm2,r2,-0.0013066069371334699,6
