,Model,Metric,Value,run
0,blstm2,mae,2.901407083745768,2
1,blstm2,mad,2.4996922167053226,2
2,blstm2,r2,-0.006314582771430377,2
