,Model,Metric,Value,run
0,blstm1,mae,2.8930776325041383,1
1,blstm1,mad,2.3445038691406257,1
2,blstm1,r2,-0.0053864542492150225,1
