,Model,Metric,Value,run
0,blstm2,mae,3.06722553622906,7
1,blstm2,mad,2.8124110825805664,7
2,blstm2,r2,0.0001005525011082975,7
