,Model,Metric,Value,run
0,blstm1,mae,1.6842154620618714,0
1,blstm1,mad,1.33136418371582,0
2,blstm1,r2,0.6536640109088097,0
