,Model,Metric,Value,run
0,blstm1,mae,2.971025051194076,6
1,blstm1,mad,2.858203430511475,6
2,blstm1,r2,-0.0029236015641245228,6
