,Model,Metric,Value,run
0,blstm2,mae,2.220902963742686,7
1,blstm2,mad,1.7761914732055666,7
2,blstm2,r2,0.38995283061815056,7
