,Model,Metric,Value,run
0,blstm1,mae,2.2316127709166977,5
1,blstm1,mad,1.8342056971740717,5
2,blstm1,r2,0.35024944424417304,5
