,Model,Metric,Value,run
0,blstm2,mae,2.312633862037575,2
1,blstm2,mad,1.7988610551147461,2
2,blstm2,r2,0.28046118899404615,2
