,Model,Metric,Value,run
0,blstm1,mae,2.05925703863408,3
1,blstm1,mad,1.6150677409667966,3
2,blstm1,r2,0.4417676156907415,3
