,Model,Metric,Value,run
0,blstm2,mae,1.830246778709663,1
1,blstm2,mad,1.4405465145111087,1
2,blstm2,r2,0.5483943960054298,1
