,Model,Metric,Value,run
0,blstm2,mae,2.261467984191224,9
1,blstm2,mad,1.9958286026611338,9
2,blstm2,r2,0.3856212428642246,9
