,Model,Metric,Value,run
0,blstm1,mae,1.7252915573795025,9
1,blstm1,mad,1.491256952972413,9
2,blstm1,r2,0.6405708831734039,9
