,Model,Metric,Value,run
0,blstm2,mae,1.7485232121002703,1
1,blstm2,mad,1.3709098878173833,1
2,blstm2,r2,0.6041692692445995,1
