,Model,Metric,Value,run
0,blstm1,mae,1.572560881285699,4
1,blstm1,mad,1.2864472830963138,4
2,blstm1,r2,0.6435150161217147,4
