,Model,Metric,Value,run
0,blstm2,mae,2.1126269635898463,6
1,blstm2,mad,1.7212790795440673,6
2,blstm2,r2,0.42616022115651175,6
