,Model,Metric,Value,run
0,blstm1,mae,3.013721212625693,3
1,blstm1,mad,2.7860827019653316,3
2,blstm1,r2,-0.009383519532415674,3
