,Model,Metric,Value,run
0,blstm1,mae,2.957624680074503,5
1,blstm1,mad,2.7721505862426756,5
2,blstm1,r2,-0.02980606103680472,5
