,Model,Metric,Value,run
0,blstm2,mae,1.9649558999269086,5
1,blstm2,mad,1.4772511758270266,5
2,blstm2,r2,0.43341317365180654,5
