,Model,Metric,Value,run
0,blstm2,mae,2.7548477746808397,4
1,blstm2,mad,2.353980049255371,4
2,blstm2,r2,-0.024200934577246258,4
