,Model,Metric,Value,run
0,blstm2,mae,1.9227618904603394,4
1,blstm2,mad,1.5095432742614747,4
2,blstm2,r2,0.4573468366440323,4
