,Model,Metric,Value,run
0,blstm2,mae,2.894298890564804,9
1,blstm2,mad,2.646216423339843,9
2,blstm2,r2,-0.0013426348286200707,9
