,Model,Metric,Value,run
0,blstm2,mae,2.2479099676827228,2
1,blstm2,mad,1.9617234800109857,2
2,blstm2,r2,0.36019665925147604,2
