,Model,Metric,Value,run
0,blstm1,mae,3.021625274830074,0
1,blstm1,mad,2.7507406455688477,0
2,blstm1,r2,-0.007411150794593979,0
