,Model,Metric,Value,run
0,blstm2,mae,1.9664545799473354,8
1,blstm2,mad,1.5378420929565433,8
2,blstm2,r2,0.5168086353321848,8
