,Model,Metric,Value,run
0,blstm2,mae,1.7660186143714989,9
1,blstm2,mad,1.5243408716583255,9
2,blstm2,r2,0.6192632409835217,9
