,Model,Metric,Value,run
0,blstm1,mae,2.344647488253583,9
1,blstm1,mad,1.8212143434753414,9
2,blstm1,r2,0.2748282368646783,9
