,Model,Metric,Value,run
0,blstm1,mae,2.4402622618533125,8
1,blstm1,mad,1.8857431452026372,8
2,blstm1,r2,0.25510687114150665,8
