,Model,Metric,Value,run
0,blstm1,mae,1.7254604324076726,6
1,blstm1,mad,1.4845204759216308,6
2,blstm1,r2,0.6406115388852806,6
