,Model,Metric,Value,run
0,blstm2,mae,2.2731733645740553,2
1,blstm2,mad,1.7171968465881347,2
2,blstm2,r2,0.28700899038787553,2
