,Model,Metric,Value,run
0,blstm1,mae,2.7845153221495913,4
1,blstm1,mad,2.447206034942626,4
2,blstm1,r2,-0.00025594907326698113,4
