,Model,Metric,Value,run
0,blstm1,mae,2.770597269382351,4
1,blstm1,mad,2.3915246413879396,4
2,blstm1,r2,-0.002669419382280047,4
