,Model,Metric,Value,run
0,blstm2,mae,2.327978063194107,7
1,blstm2,mad,1.8450229472961426,7
2,blstm2,r2,0.34825826065441345,7
