,Model,Metric,Value,run
0,blstm2,mae,2.8880868730686733,5
1,blstm2,mad,2.6450229944152825,5
2,blstm2,r2,-0.010151709382701934,5
