,Model,Metric,Value,run
0,blstm1,mae,1.940472895678342,2
1,blstm1,mad,1.5507866294250485,2
2,blstm1,r2,0.4997356912385743,2
