,Model,Metric,Value,run
0,blstm2,mae,1.743627243458507,9
1,blstm2,mad,1.5534346676330557,9
2,blstm2,r2,0.6236844963633565,9
