,Model,Metric,Value,run
0,blstm1,mae,2.9158822370509894,2
1,blstm1,mad,2.5269976684875486,2
2,blstm1,r2,-0.001473731542527057,2
