,Model,Metric,Value,run
0,blstm1,mae,1.6230111179511943,1
1,blstm1,mad,1.292906064819336,1
2,blstm1,r2,0.656050503603324,1
