,Model,Metric,Value,run
0,blstm2,mae,2.375316804279705,0
1,blstm2,mad,2.0793961835327144,0
2,blstm2,r2,0.3716734235564979,0
