,Model,Metric,Value,run
0,blstm1,mae,1.9752301957906366,3
1,blstm1,mad,1.6654106401367192,3
2,blstm1,r2,0.507020086477064,3
