,Model,Metric,Value,run
0,blstm2,mae,2.898495871914371,5
1,blstm2,mad,2.66976588708496,5
2,blstm2,r2,-0.01261295219699643,5
