,Model,Metric,Value,run
0,blstm2,mae,1.6051474906124912,8
1,blstm2,mad,1.2492913497009281,8
2,blstm2,r2,0.6633840797543444,8
