,Model,Metric,Value,run
0,blstm2,mae,2.0509078485664958,0
1,blstm2,mad,1.7751538580017088,0
2,blstm2,r2,0.5209713619390721,0
