,Model,Metric,Value,run
0,blstm2,mae,1.9497435644769354,7
1,blstm2,mad,1.5661439394836427,7
2,blstm2,r2,0.5451602384749593,7
