,Model,Metric,Value,run
0,blstm1,mae,2.9008003037194894,1
1,blstm1,mad,2.3701653777465825,1
2,blstm1,r2,-0.007158971917270218,1
