,Model,Metric,Value,run
0,blstm2,mae,2.9660043556023896,1
1,blstm2,mad,2.5908458772277836,1
2,blstm2,r2,-0.025092785881165147,1
