,Model,Metric,Value,run
0,blstm2,mae,2.010146028661959,4
1,blstm2,mad,1.6056596110839845,4
2,blstm2,r2,0.4097313017210006,4
