,Model,Metric,Value,run
0,blstm2,mae,1.7365074332256947,7
1,blstm2,mad,1.384738910614013,7
2,blstm2,r2,0.6233365111611455,7
