,Model,Metric,Value,run
0,blstm2,mae,1.8081365582833762,5
1,blstm2,mad,1.3758625060119627,5
2,blstm2,r2,0.5373942679774644,5
