,Model,Metric,Value,run
0,blstm1,mae,1.7050411120742126,8
1,blstm1,mad,1.3726373130493164,8
2,blstm1,r2,0.6430038987067086,8
