,Model,Metric,Value,run
0,blstm1,mae,3.0366258848472847,7
1,blstm1,mad,2.7581772067565913,7
2,blstm1,r2,-0.001377878811030131,7
