,Model,Metric,Value,run
0,blstm1,mae,2.1313373556723123,5
1,blstm1,mad,1.8007081645507812,5
2,blstm1,r2,0.3919842446615177,5
