,Model,Metric,Value,run
0,blstm2,mae,2.9521454718086324,2
1,blstm2,mad,2.603219746215821,2
2,blstm2,r2,-0.0012124515912235179,2
