,Model,Metric,Value,run
0,blstm2,mae,1.9189981329487389,2
1,blstm2,mad,1.5181819047851564,2
2,blstm2,r2,0.5001851335714007,2
