,Model,Metric,Value,run
0,blstm1,mae,1.7781886499121529,2
1,blstm1,mad,1.4915437840118413,2
2,blstm1,r2,0.5813010271960877,2
