,Model,Metric,Value,run
0,blstm2,mae,1.642386862437657,5
1,blstm2,mad,1.2464261297454837,5
2,blstm2,r2,0.6077938815721111,5
