,Model,Metric,Value,run
0,blstm2,mae,3.0320665605515704,0
1,blstm2,mad,2.7525219896545403,0
2,blstm2,r2,-0.002324294132055371,0
