,Model,Metric,Value,run
0,blstm2,mae,2.152805615776733,4
1,blstm2,mad,1.844558492614746,4
2,blstm2,r2,0.36580814623618263,4
