,Model,Metric,Value,run
0,blstm1,mae,2.9408989816971665,9
1,blstm1,mad,2.731255480834961,9
2,blstm1,r2,-0.0069201356595913754,9
