,Model,Metric,Value,run
0,blstm1,mae,2.7676774243420614,4
1,blstm1,mad,2.426774226409912,4
2,blstm1,r2,0.016204628273389643,4
