,Model,Metric,Value,run
0,blstm1,mae,2.9013909610602413,6
1,blstm1,mad,2.589214460205078,6
2,blstm1,r2,-0.005423366995131795,6
