,Model,Metric,Value,run
0,blstm1,mae,2.0424373704466765,7
1,blstm1,mad,1.6088182908935549,7
2,blstm1,r2,0.49172860416253283,7
