,Model,Metric,Value,run
0,blstm2,mae,1.8091391705907465,8
1,blstm2,mad,1.370623026489258,8
2,blstm2,r2,0.5706602034710402,8
