,Model,Metric,Value,run
0,blstm1,mae,2.258791045037993,7
1,blstm1,mad,1.8169795715332033,7
2,blstm1,r2,0.41485198353494357,7
