,Model,Metric,Value,run
0,blstm1,mae,1.8567517488209648,3
1,blstm1,mad,1.4700414580993653,3
2,blstm1,r2,0.5139526012869081,3
