,Model,Metric,Value,run
0,blstm2,mae,1.8319972884051983,1
1,blstm2,mad,1.4679834698028564,1
2,blstm2,r2,0.5747676782232303,1
