,Model,Metric,Value,run
0,blstm2,mae,3.074434744776631,7
1,blstm2,mad,2.8337215327453613,7
2,blstm2,r2,-0.00014160603738222477,7
