,Model,Metric,Value,run
0,blstm2,mae,2.2701968222005657,9
1,blstm2,mad,1.9221712109985356,9
2,blstm2,r2,0.3594557041110502,9
