,Model,Metric,Value,run
0,blstm2,mae,3.0345439338318543,0
1,blstm2,mad,2.7459260706787116,0
2,blstm2,r2,-0.0018405737954305668,0
