,Model,Metric,Value,run
0,blstm1,mae,2.0825359152607343,2
1,blstm1,mad,1.6740845939025872,2
2,blstm1,r2,0.4366170685081008,2
