,Model,Metric,Value,run
0,blstm1,mae,2.522825379160535,2
1,blstm1,mad,1.9867003038940432,2
2,blstm1,r2,0.16479022548295452,2
