,Model,Metric,Value,run
0,blstm2,mae,2.448355184136527,0
1,blstm2,mad,2.1824581337280273,0
2,blstm2,r2,0.32929418518366516,0
