,Model,Metric,Value,run
0,blstm1,mae,1.6268537943209134,8
1,blstm1,mad,1.3890932520141601,8
2,blstm1,r2,0.6779305650571055,8
