,Model,Metric,Value,run
0,blstm1,mae,2.9511853383096547,3
1,blstm1,mad,2.661455019165039,3
2,blstm1,r2,-1.53127874322756e-05,3
