,Model,Metric,Value,run
0,blstm1,mae,2.2859791786984456,4
1,blstm1,mad,2.096399433044434,4
2,blstm1,r2,0.3245399553320799,4
