,Model,Metric,Value,run
0,blstm2,mae,1.9482141934463164,2
1,blstm2,mad,1.5712076521148681,2
2,blstm2,r2,0.512015552299187,2
