,Model,Metric,Value,run
0,blstm2,mae,2.201313202985323,5
1,blstm2,mad,1.8102801988983153,5
2,blstm2,r2,0.3424872754285587,5
