,Model,Metric,Value,run
0,blstm2,mae,2.788069315005879,8
1,blstm2,mad,2.502221484588623,8
2,blstm2,r2,0.14637280719026802,8
