,Model,Metric,Value,run
0,blstm2,mae,1.9765557829549605,0
1,blstm2,mad,1.5824431900329587,0
2,blstm2,r2,0.4953047979540838,0
