,Model,Metric,Value,run
0,blstm1,mae,2.765634673618191,4
1,blstm1,mad,2.35103130758667,4
2,blstm1,r2,-0.004282732693834612,4
