,Model,Metric,Value,run
0,blstm2,mae,1.707640149926741,1
1,blstm2,mad,1.3542237373657229,1
2,blstm2,r2,0.6152340097093492,1
