,Model,Metric,Value,run
0,blstm2,mae,2.2395777124525638,6
1,blstm2,mad,1.9567740873260493,6
2,blstm2,r2,0.4028996571926948,6
