,Model,Metric,Value,run
0,blstm1,mae,2.177949471316914,2
1,blstm1,mad,1.7798853357238777,2
2,blstm1,r2,0.36075528140953095,2
