,Model,Metric,Value,run
0,blstm1,mae,2.20884666994929,3
1,blstm1,mad,1.8053444252624513,3
2,blstm1,r2,0.35085081952442054,3
