,Model,Metric,Value,run
0,blstm1,mae,2.26094559867993,2
1,blstm1,mad,1.9115373548583978,2
2,blstm1,r2,0.35373798178878924,2
