,Model,Metric,Value,run
0,blstm1,mae,2.8718494993770727,9
1,blstm1,mad,2.4885634363708498,9
2,blstm1,r2,-0.023551740326578585,9
