,Model,Metric,Value,run
0,blstm2,mae,2.894042012606107,2
1,blstm2,mad,2.4161425095825195,2
2,blstm2,r2,-0.0606532381976268,2
