,Model,Metric,Value,run
0,blstm2,mae,2.209240355927352,8
1,blstm2,mad,1.7637621720581054,8
2,blstm2,r2,0.3987263244042484,8
