,Model,Metric,Value,run
0,blstm1,mae,3.04155141357271,7
1,blstm1,mad,2.7644803677368164,7
2,blstm1,r2,-0.0006394754081335829,7
