,Model,Metric,Value,run
0,blstm2,mae,2.9064427672880404,2
1,blstm2,mad,2.4695262412109376,2
2,blstm2,r2,-0.00410012776873292,2
