,Model,Metric,Value,run
0,blstm1,mae,2.7875743847776975,4
1,blstm1,mad,2.441925703216553,4
2,blstm1,r2,0.016022756178170505,4
