,Model,Metric,Value,run
0,blstm2,mae,2.887574826051314,9
1,blstm2,mad,2.627396524963379,9
2,blstm2,r2,-0.0034565651964666433,9
