,Model,Metric,Value,run
0,blstm1,mae,1.75221558358161,3
1,blstm1,mad,1.2894487469787594,3
2,blstm1,r2,0.5837983498808323,3
