,Model,Metric,Value,run
0,blstm1,mae,1.9523267295319273,1
1,blstm1,mad,1.5177574169311527,1
2,blstm1,r2,0.4907663213487896,1
