,Model,Metric,Value,run
0,blstm1,mae,2.919747060779446,9
1,blstm1,mad,2.67745946484375,9
2,blstm1,r2,-0.0011667603753695577,9
