,Model,Metric,Value,run
0,blstm2,mae,1.7657803917263157,9
1,blstm2,mad,1.482132574035644,9
2,blstm2,r2,0.6054111218597711,9
