,Model,Metric,Value,run
0,blstm2,mae,2.8694854351685914,9
1,blstm2,mad,2.3985214881286616,9
2,blstm2,r2,-0.03739082195481669,9
