,Model,Metric,Value,run
0,blstm1,mae,2.9550556357457087,3
1,blstm1,mad,2.66977156652832,3
2,blstm1,r2,0.0002552575272807278,3
