,Model,Metric,Value,run
0,blstm1,mae,3.1640772633925214,5
1,blstm1,mad,3.0761549880676275,5
2,blstm1,r2,-0.11770090390522014,5
