,Model,Metric,Value,run
0,blstm1,mae,2.3785671334611664,7
1,blstm1,mad,1.7230982873535154,7
2,blstm1,r2,0.27425196569093846,7
