,Model,Metric,Value,run
0,blstm2,mae,2.6776374138871075,7
1,blstm2,mad,2.4948283141784673,7
2,blstm2,r2,0.2596239772328265,7
