,Model,Metric,Value,run
0,blstm2,mae,2.0621721799380963,7
1,blstm2,mad,1.699078881225586,7
2,blstm2,r2,0.48035920496852713,7
