,Model,Metric,Value,run
0,blstm2,mae,3.037245052657243,7
1,blstm2,mad,2.7605817199401854,7
2,blstm2,r2,-0.001244450902235128,7
