,Model,Metric,Value,run
0,blstm2,mae,1.7408084050670247,3
1,blstm2,mad,1.298914393432617,3
2,blstm2,r2,0.5828401345523977,3
