,Model,Metric,Value,run
0,blstm2,mae,1.6671394253938274,1
1,blstm2,mad,1.3946718912658698,1
2,blstm2,r2,0.6524943346701791,1
