,Model,Metric,Value,run
0,blstm2,mae,1.8558742613058405,0
1,blstm2,mad,1.553890547912597,0
2,blstm2,r2,0.6070657045338559,0
