,Model,Metric,Value,run
0,blstm1,mae,1.861147450772212,0
1,blstm1,mad,1.4680546798095708,0
2,blstm1,r2,0.5842772057895594,0
