,Model,Metric,Value,run
0,blstm1,mae,2.964566188533405,1
1,blstm1,mad,2.589285666046143,1
2,blstm1,r2,-0.02452646400928682,1
