,Model,Metric,Value,run
0,blstm2,mae,2.9753463087661234,1
1,blstm2,mad,2.6023749041748045,1
2,blstm2,r2,-0.027840665699180978,1
