,Model,Metric,Value,run
0,blstm2,mae,1.9624480139394906,6
1,blstm2,mad,1.547889565185546,6
2,blstm2,r2,0.5180923190760178,6
