,Model,Metric,Value,run
0,blstm1,mae,2.289148337723114,8
1,blstm1,mad,1.9738628186340335,8
2,blstm1,r2,0.40400887214419356,8
