,Model,Metric,Value,run
0,blstm2,mae,2.8034352052057288,4
1,blstm2,mad,2.5023983610229497,4
2,blstm2,r2,-0.000493121023121379,4
