,Model,Metric,Value,run
0,blstm1,mae,2.908447898978097,2
1,blstm1,mad,2.4806145398559565,2
2,blstm1,r2,-0.003260585044025932,2
