,Model,Metric,Value,run
0,blstm1,mae,2.9498030532875483,4
1,blstm1,mad,2.7582052087097164,4
2,blstm1,r2,-0.05067037979427802,4
