,Model,Metric,Value,run
0,blstm1,mae,2.1671073286456437,5
1,blstm1,mad,1.7165570041503901,5
2,blstm1,r2,0.32081997150310826,5
