,Model,Metric,Value,run
0,blstm1,mae,1.848145572214315,1
1,blstm1,mad,1.6279043936462418,1
2,blstm1,r2,0.5526445385892034,1
