,Model,Metric,Value,run
0,blstm2,mae,2.97059925747295,3
1,blstm2,mad,2.7241967859497067,3
2,blstm2,r2,-0.0013115995296315575,3
