,Model,Metric,Value,run
0,blstm2,mae,2.3944561466668937,7
1,blstm2,mad,1.9607867718505858,7
2,blstm2,r2,0.31741032437627414,7
