,Model,Metric,Value,run
0,blstm1,mae,1.7143621455867057,1
1,blstm1,mad,1.3724924507293705,1
2,blstm1,r2,0.6054581924624228,1
