,Model,Metric,Value,run
0,blstm1,mae,1.547100825355949,5
1,blstm1,mad,1.1952346093749995,5
2,blstm1,r2,0.6612519850764655,5
