,Model,Metric,Value,run
0,blstm2,mae,2.921548713319548,3
1,blstm2,mad,2.5363919305114746,3
2,blstm2,r2,-0.00231758185161679,3
