,Model,Metric,Value,run
0,blstm1,mae,1.7661877925328682,6
1,blstm1,mad,1.523940974243164,6
2,blstm1,r2,0.6153282497074263,6
