,Model,Metric,Value,run
0,blstm2,mae,2.2741526620316557,5
1,blstm2,mad,1.7944552049255367,5
2,blstm2,r2,0.2849176891965284,5
