,Model,Metric,Value,run
0,blstm1,mae,2.288607475520878,2
1,blstm1,mad,1.8595587519836427,2
2,blstm1,r2,0.3060158524644744,2
