,Model,Metric,Value,run
0,blstm1,mae,2.153615183352879,0
1,blstm1,mad,1.8475986511230467,0
2,blstm1,r2,0.4731756875987859,0
