,Model,Metric,Value,run
0,blstm2,mae,1.962232967480586,5
1,blstm2,mad,1.5560699847412103,5
2,blstm2,r2,0.4637189318556858,5
