,Model,Metric,Value,run
0,blstm1,mae,2.8095436338214244,5
1,blstm1,mad,2.4749578556213376,5
2,blstm1,r2,-5.516989188092403e-05,5
