,Model,Metric,Value,run
0,blstm2,mae,1.8311896072768326,8
1,blstm2,mad,1.509194910797119,8
2,blstm2,r2,0.5795316828709485,8
