,Model,Metric,Value,run
0,blstm1,mae,2.911760773853009,6
1,blstm1,mad,2.655974491394043,6
2,blstm1,r2,-0.0025100279544996162,6
