,Model,Metric,Value,run
0,blstm2,mae,3.0194207567470674,0
1,blstm2,mad,2.746001152496338,0
2,blstm2,r2,-0.009158176781020266,0
