,Model,Metric,Value,run
0,blstm2,mae,2.2037685072978093,6
1,blstm2,mad,1.9088887339019776,6
2,blstm2,r2,0.43334456208663485,6
