,Model,Metric,Value,run
0,blstm1,mae,2.1199024829081443,3
1,blstm1,mad,1.760576614105224,3
2,blstm1,r2,0.41253992636363945,3
