,Model,Metric,Value,run
0,blstm1,mae,2.871102243131868,9
1,blstm1,mad,2.4459976137695314,9
2,blstm1,r2,-0.027642287964998014,9
