,Model,Metric,Value,run
0,blstm2,mae,1.6206860767177542,0
1,blstm2,mad,1.1720235490570072,0
2,blstm2,r2,0.6545785947209506,0
