,Model,Metric,Value,run
0,blstm1,mae,1.6991944928939315,1
1,blstm1,mad,1.3367902015686042,1
2,blstm1,r2,0.6036919758983976,1
