,Model,Metric,Value,run
0,blstm1,mae,2.086612978665111,0
1,blstm1,mad,1.9192828523864738,0
2,blstm1,r2,0.5219949607649143,0
