,Model,Metric,Value,run
0,blstm2,mae,2.0807979767072906,6
1,blstm2,mad,1.7971027639160155,6
2,blstm2,r2,0.4846750320514802,6
