,Model,Metric,Value,run
0,blstm1,mae,1.8683666735864997,4
1,blstm1,mad,1.6373707584533692,4
2,blstm1,r2,0.5262016765394307,4
