,Model,Metric,Value,run
0,blstm2,mae,2.8724399837503958,5
1,blstm2,mad,2.598015164978027,5
2,blstm2,r2,-0.00692422300181561,5
