,Model,Metric,Value,run
0,blstm2,mae,1.9855002890370967,3
1,blstm2,mad,1.5258637878875732,3
2,blstm2,r2,0.4525337456134184,3
