,Model,Metric,Value,run
0,blstm1,mae,1.6715999788502285,9
1,blstm1,mad,1.5178123850708012,9
2,blstm1,r2,0.6616516356263662,9
