,Model,Metric,Value,run
0,blstm1,mae,2.9391049922493733,5
1,blstm1,mad,2.7695328978271485,5
2,blstm1,r2,-0.023804815319850015,5
