,Model,Metric,Value,run
0,blstm1,mae,3.0961179424545793,3
1,blstm1,mad,2.962110264373779,3
2,blstm1,r2,-0.03648344646932267,3
