,Model,Metric,Value,run
0,blstm1,mae,1.821266178421691,3
1,blstm1,mad,1.4228399944152832,3
2,blstm1,r2,0.535549914412206,3
