,Model,Metric,Value,run
0,blstm1,mae,2.754696399240347,4
1,blstm1,mad,2.36158609664917,4
2,blstm1,r2,-0.022790862167733295,4
