,Model,Metric,Value,run
0,blstm2,mae,1.8860472254605138,3
1,blstm2,mad,1.496636067733765,3
2,blstm2,r2,0.4984420034856203,3
