,Model,Metric,Value,run
0,blstm2,mae,2.0830561030066357,5
1,blstm2,mad,1.863278488342286,5
2,blstm2,r2,0.4128082628249772,5
