,Model,Metric,Value,run
0,blstm2,mae,1.817514417403085,3
1,blstm2,mad,1.4024804735412602,3
2,blstm2,r2,0.5491181929055269,3
