,Model,Metric,Value,run
0,blstm1,mae,1.7843825913526516,8
1,blstm1,mad,1.4158169064483643,8
2,blstm1,r2,0.604737849983862,8
