,Model,Metric,Value,run
0,blstm2,mae,2.8475948524609236,1
1,blstm2,mad,2.336535678070068,1
2,blstm2,r2,1.507299334779777e-05,1
