,Model,Metric,Value,run
0,blstm2,mae,2.9634092380122934,3
1,blstm2,mad,2.7115863706054686,3
2,blstm2,r2,-0.0006080603039113619,3
