,Model,Metric,Value,run
0,blstm2,mae,2.920717906808706,5
1,blstm2,mad,2.719047213043213,5
2,blstm2,r2,-0.018494267808720988,5
