,Model,Metric,Value,run
0,blstm2,mae,2.4358880923551625,8
1,blstm2,mad,2.0723194283142092,8
2,blstm2,r2,0.2572554004041877,8
