,Model,Metric,Value,run
0,blstm1,mae,3.005551123253623,0
1,blstm1,mad,2.601969848449707,0
2,blstm1,r2,-0.03201972911019513,0
