,Model,Metric,Value,run
0,blstm1,mae,1.7984513849883028,2
1,blstm1,mad,1.4302701480712887,2
2,blstm1,r2,0.569122528222689,2
