,Model,Metric,Value,run
0,blstm1,mae,3.0344587692441833,3
1,blstm1,mad,2.8727201450500486,3
2,blstm1,r2,-0.014926262904541465,3
