,Model,Metric,Value,run
0,blstm2,mae,2.9416756307644687,3
1,blstm2,mad,2.6305776884765626,3
2,blstm2,r2,-0.00011793412525995528,3
