,Model,Metric,Value,run
0,blstm2,mae,2.158405986068474,1
1,blstm2,mad,1.7207504458923335,1
2,blstm2,r2,0.39755071283960497,1
