,Model,Metric,Value,run
0,blstm1,mae,1.613883296029311,7
1,blstm1,mad,1.2200894700164793,7
2,blstm1,r2,0.6781030219379137,7
