,Model,Metric,Value,run
0,blstm2,mae,1.9026954510577694,4
1,blstm2,mad,1.5081064162292472,4
2,blstm2,r2,0.47225499087268674,4
