,Model,Metric,Value,run
0,blstm2,mae,2.2924828407872795,2
1,blstm2,mad,1.9094830101623539,2
2,blstm2,r2,0.3615300297551468,2
