,Model,Metric,Value,run
0,blstm2,mae,2.9855475274891274,8
1,blstm2,mad,2.5674582999572753,8
2,blstm2,r2,-0.06159722221802166,8
