,Model,Metric,Value,run
0,blstm2,mae,2.288841588434408,5
1,blstm2,mad,1.9686243671569823,5
2,blstm2,r2,0.3039897254234565,5
