,Model,Metric,Value,run
0,blstm2,mae,2.7976753214927923,4
1,blstm2,mad,2.4833126109924315,4
2,blstm2,r2,-8.919233461601728e-05,4
