,Model,Metric,Value,run
0,blstm1,mae,1.8832880317761764,8
1,blstm1,mad,1.5932148139648437,8
2,blstm1,r2,0.5541223678056939,8
