,Model,Metric,Value,run
0,blstm2,mae,1.7616580594010405,4
1,blstm2,mad,1.4662341066284177,4
2,blstm2,r2,0.5699438809707342,4
