,Model,Metric,Value,run
0,blstm2,mae,2.8802775164878764,9
1,blstm2,mad,2.6174396389770505,9
2,blstm2,r2,-0.00830468328697287,9
