,Model,Metric,Value,run
0,blstm2,mae,2.025668575786884,7
1,blstm2,mad,1.6375130566253668,7
2,blstm2,r2,0.5234914422513612,7
