,Model,Metric,Value,run
0,blstm2,mae,2.5074886238654837,2
1,blstm2,mad,2.0854658218688966,2
2,blstm2,r2,0.2284881922766151,2
