,Model,Metric,Value,run
0,blstm2,mae,2.3575077745956587,3
1,blstm2,mad,1.9932516001129148,3
2,blstm2,r2,0.31975837686740205,3
