,Model,Metric,Value,run
0,blstm1,mae,1.7671825003764392,4
1,blstm1,mad,1.4449347148132325,4
2,blstm1,r2,0.5606547407663992,4
