,Model,Metric,Value,run
0,blstm1,mae,3.0382768116050975,0
1,blstm1,mad,2.773297067260742,0
2,blstm1,r2,-0.0010848104597229735,0
