,Model,Metric,Value,run
0,blstm1,mae,1.6842977955737273,1
1,blstm1,mad,1.3954475955505368,1
2,blstm1,r2,0.6136373804833062,1
