,Model,Metric,Value,run
0,blstm1,mae,2.1399076408937057,8
1,blstm1,mad,1.6803362890014646,8
2,blstm1,r2,0.42152187097124205,8
