,Model,Metric,Value,run
0,blstm2,mae,1.9486636456341586,4
1,blstm2,mad,1.758807981262207,4
2,blstm2,r2,0.4760128455293915,4
