,Model,Metric,Value,run
0,blstm2,mae,1.880855024266421,6
1,blstm2,mad,1.5986593128967286,6
2,blstm2,r2,0.5715632981319279,6
