,Model,Metric,Value,run
0,blstm2,mae,2.822505186757015,4
1,blstm2,mad,2.5309972187499996,4
2,blstm2,r2,-0.003219904667083995,4
