,Model,Metric,Value,run
0,blstm1,mae,1.8206594677013355,0
1,blstm1,mad,1.4796317471618652,0
2,blstm1,r2,0.6027521206303589,0
