,Model,Metric,Value,run
0,blstm2,mae,3.030702400461218,0
1,blstm2,mad,2.7530364969482415,0
2,blstm2,r2,-0.0027446645653470547,0
