,Model,Metric,Value,run
0,blstm2,mae,1.9116071740302623,4
1,blstm2,mad,1.5889864285278321,4
2,blstm2,r2,0.5199374803306048,4
