,Model,Metric,Value,run
0,blstm1,mae,1.6936251095231445,5
1,blstm1,mad,1.2983021921386722,5
2,blstm1,r2,0.5974147504218709,5
