,Model,Metric,Value,run
0,blstm2,mae,1.7242865629696689,6
1,blstm2,mad,1.3726717597351072,6
2,blstm2,r2,0.6354421187230708,6
