,Model,Metric,Value,run
0,blstm1,mae,2.885601726290357,9
1,blstm1,mad,2.614378119354248,9
2,blstm1,r2,-0.004460670953718049,9
