,Model,Metric,Value,run
0,blstm2,mae,3.0029939682417646,8
1,blstm2,mad,2.7340401877136227,8
2,blstm2,r2,-0.0067193959422966465,8
