,Model,Metric,Value,run
0,cnn_resnet,mae,2.198066563968952,0
1,cnn_resnet,mad,1.6933000780029301,0
2,cnn_resnet,r2,-0.26504975603259995,0
