,Model,Metric,Value,run
0,cnn_vgg,mae,1.8854204401396029,3
1,cnn_vgg,mad,1.5942990475463867,3
2,cnn_vgg,r2,0.5448920280427871,3
