,Model,Metric,Value,run
0,cnn_resnet,mae,2.7659749439278905,5
1,cnn_resnet,mad,2.511079023773193,5
2,cnn_resnet,r2,0.08022248971040613,5
