,Model,Metric,Value,run
0,cnn_resnet,mae,3.1259665128906584,8
1,cnn_resnet,mad,2.4409021102294925,8
2,cnn_resnet,r2,-0.34095730962169224,8
