,Model,Metric,Value,run
0,cnn_lenet,mae,2.9805016283031085,8
1,cnn_lenet,mad,2.6063452666320797,8
2,cnn_lenet,r2,-0.0362215496848477,8
