,Model,Metric,Value,run
0,cnn_resnet,mae,2.5936143758119856,8
1,cnn_resnet,mad,1.971822816741943,8
2,cnn_resnet,r2,-0.03765333713945007,8
