,Model,Metric,Value,run
0,cnn_lenet,mae,2.9960334741625103,3
1,cnn_lenet,mad,2.762840068481445,3
2,cnn_lenet,r2,-0.006379247414422862,3
