,Model,Metric,Value,run
0,cnn_lenet,mae,2.163371860901885,7
1,cnn_lenet,mad,1.7729795888977042,7
2,cnn_lenet,r2,0.43740082512599476,7
