,Model,Metric,Value,run
0,cnn_lenet,mae,2.8073480525305614,9
1,cnn_lenet,mad,2.3361725915222165,9
2,cnn_lenet,r2,-0.03960745995387538,9
