,Model,Metric,Value,run
0,cnn_vgg,mae,1.9272927688352144,8
1,cnn_vgg,mad,1.4968430820617673,8
2,cnn_vgg,r2,0.5124284662401917,8
