,Model,Metric,Value,run
0,cnn_lenet,mae,2.432976658357138,0
1,cnn_lenet,mad,1.995578371765137,0
2,cnn_lenet,r2,0.28521743664795474,0
