,Model,Metric,Value,run
0,cnn_vgg,mae,1.931877451534565,4
1,cnn_vgg,mad,1.5727201251068115,4
2,cnn_vgg,r2,0.4602575259136348,4
