,Model,Metric,Value,run
0,cnn_lenet,mae,2.519168369436914,9
1,cnn_lenet,mad,2.1201537542724607,9
2,cnn_lenet,r2,0.15839950759660337,9
