,Model,Metric,Value,run
0,cnn_lenet,mae,1.9564326558749023,1
1,cnn_lenet,mad,1.655194435974121,1
2,cnn_lenet,r2,0.5249769496192103,1
