,Model,Metric,Value,run
0,cnn_vgg,mae,2.983186699725141,3
1,cnn_vgg,mad,2.7450229385070797,3
2,cnn_vgg,r2,-0.003041887575248481,3
