,Model,Metric,Value,run
0,cnn_vgg,mae,2.286271345386379,9
1,cnn_vgg,mad,2.017983268798828,9
2,cnn_vgg,r2,0.3470055510021959,9
