,Model,Metric,Value,run
0,cnn_lenet,mae,2.779722215437837,7
1,cnn_lenet,mad,2.4458949089660647,7
2,cnn_lenet,r2,0.1331203132536003,7
