,Model,Metric,Value,run
0,cnn_lenet,mae,2.6426230343940653,5
1,cnn_lenet,mad,2.4268599148559575,5
2,cnn_lenet,r2,0.08641968453582594,5
