,Model,Metric,Value,run
0,cnn_lenet,mae,2.7522332891018206,1
1,cnn_lenet,mad,2.3826164106140135,1
2,cnn_lenet,r2,0.10945410490988805,1
