,Model,Metric,Value,run
0,cnn_vgg,mae,2.137716691769778,5
1,cnn_vgg,mad,1.7231831057891842,5
2,cnn_vgg,r2,0.3726676349995468,5
