,Model,Metric,Value,run
0,cnn_lenet,mae,2.0659986954966114,2
1,cnn_lenet,mad,1.645010201812744,2
2,cnn_lenet,r2,0.43893985801378543,2
