,Model,Metric,Value,run
0,cnn_resnet,mae,2.387109958243653,4
1,cnn_resnet,mad,1.8468781992187506,4
2,cnn_resnet,r2,-0.09991925338254726,4
