,Model,Metric,Value,run
0,cnn_vgg,mae,3.244237332203121,3
1,cnn_vgg,mad,3.110160515106201,3
2,cnn_vgg,r2,-0.10838403269309915,3
