,Model,Metric,Value,run
0,cnn_resnet,mae,1.7767999429130135,0
1,cnn_resnet,mad,1.4727899201049803,0
2,cnn_resnet,r2,0.5985075489358949,0
