,Model,Metric,Value,run
0,cnn_lenet,mae,1.6804854891686074,4
1,cnn_lenet,mad,1.3703702603759766,4
2,cnn_lenet,r2,0.5923041532794486,4
