,Model,Metric,Value,run
0,cnn_lenet,mae,2.189215392131428,3
1,cnn_lenet,mad,1.8585737134094238,3
2,cnn_lenet,r2,0.3913346961740861,3
