,Model,Metric,Value,run
0,cnn_resnet,mae,2.389346576521905,7
1,cnn_resnet,mad,1.851286336700439,7
2,cnn_resnet,r2,0.29920520531630446,7
