,Model,Metric,Value,run
0,cnn_lenet,mae,2.832091003112626,0
1,cnn_lenet,mad,2.580015582489014,0
2,cnn_lenet,r2,0.1296402036088644,0
