,Model,Metric,Value,run
0,cnn_resnet,mae,1.8166577411081504,5
1,cnn_resnet,mad,1.4291138695983885,5
2,cnn_resnet,r2,0.5427458934707967,5
