,Model,Metric,Value,run
0,cnn_vgg,mae,2.323572175605271,5
1,cnn_vgg,mad,1.9818703540954585,5
2,cnn_vgg,r2,0.2950845471582034,5
