,Model,Metric,Value,run
0,cnn_resnet,mae,2.9543685877828074,0
1,cnn_resnet,mad,2.3404859172973635,0
2,cnn_resnet,r2,-0.08430314335964262,0
