,Model,Metric,Value,run
0,cnn_lenet,mae,2.6702022908154164,1
1,cnn_lenet,mad,2.249869435791015,1
2,cnn_lenet,r2,0.13798421673413275,1
