,Model,Metric,Value,run
0,cnn_resnet,mae,3.007478438160487,1
1,cnn_resnet,mad,2.291512497070313,1
2,cnn_resnet,r2,-0.2549270088254987,1
