,Model,Metric,Value,run
0,cnn_resnet,mae,2.9852381220890924,0
1,cnn_resnet,mad,2.476989931182862,0
2,cnn_resnet,r2,-0.07347546927386372,0
