,Model,Metric,Value,run
0,cnn_resnet,mae,2.2710906018872943,7
1,cnn_resnet,mad,1.8127296196899412,7
2,cnn_resnet,r2,0.372495511897716,7
