,Model,Metric,Value,run
0,cnn_lenet,mae,2.541032191322662,3
1,cnn_lenet,mad,2.175789966491699,3
2,cnn_lenet,r2,0.23567009761935753,3
