,Model,Metric,Value,run
0,cnn_vgg,mae,2.1463130407999897,0
1,cnn_vgg,mad,1.6386048198852539,0
2,cnn_vgg,r2,0.4254363316304337,0
