,Model,Metric,Value,run
0,cnn_lenet,mae,2.0595870659228313,5
1,cnn_lenet,mad,1.6279315647888186,5
2,cnn_lenet,r2,0.3006402295501427,5
