,Model,Metric,Value,run
0,cnn_lenet,mae,2.850142513490614,9
1,cnn_lenet,mad,2.5248465464172365,9
2,cnn_lenet,r2,0.0600858280972435,9
