,Model,Metric,Value,run
0,cnn_resnet,mae,2.6832625917304744,9
1,cnn_resnet,mad,2.357101296920776,9
2,cnn_resnet,r2,0.1119593278945995,9
