,Model,Metric,Value,run
0,cnn_lenet,mae,2.49071912139356,4
1,cnn_lenet,mad,1.9348661131591802,4
2,cnn_lenet,r2,0.07398956654683397,4
