,Model,Metric,Value,run
0,cnn_vgg,mae,2.31636711618872,7
1,cnn_vgg,mad,2.0703856449584963,7
2,cnn_vgg,r2,0.42248038835674473,7
