,Model,Metric,Value,run
0,cnn_resnet,mae,2.2265663118995414,5
1,cnn_resnet,mad,1.905946287231445,5
2,cnn_resnet,r2,0.3640209157600177,5
