,Model,Metric,Value,run
0,cnn_lenet,mae,2.7647047855306774,0
1,cnn_lenet,mad,2.078863703948975,0
2,cnn_lenet,r2,0.027986807488161736,0
