,Model,Metric,Value,run
0,cnn_lenet,mae,2.842840770087106,1
1,cnn_lenet,mad,2.3430042120056154,1
2,cnn_lenet,r2,0.0011933282790295152,1
