,Model,Metric,Value,run
0,cnn_lenet,mae,2.572144879397801,7
1,cnn_lenet,mad,2.1559564382629395,7
2,cnn_lenet,r2,0.23532447165036607,7
