,Model,Metric,Value,run
0,cnn_resnet,mae,2.2454188133871895,1
1,cnn_resnet,mad,1.830905242156983,1
2,cnn_resnet,r2,0.3515864943559842,1
