,Model,Metric,Value,run
0,cnn_vgg,mae,2.7900408014834897,4
1,cnn_vgg,mad,2.4710319233398437,4
2,cnn_vgg,r2,1.0365202871787105e-05,4
