,Model,Metric,Value,run
0,cnn_vgg,mae,2.2274803820250795,7
1,cnn_vgg,mad,1.8761581389923094,7
2,cnn_vgg,r2,0.42248389482548565,7
