,Model,Metric,Value,run
0,cnn_resnet,mae,2.1394445422554123,1
1,cnn_resnet,mad,1.708806230072021,1
2,cnn_resnet,r2,0.40970840639817485,1
