,Model,Metric,Value,run
0,cnn_resnet,mae,2.2435733943232443,1
1,cnn_resnet,mad,1.7838269665527342,1
2,cnn_resnet,r2,0.35291073093462555,1
