,Model,Metric,Value,run
0,cnn_lenet,mae,2.5480608992600495,8
1,cnn_lenet,mad,2.044350374816894,8
2,cnn_lenet,r2,0.19910730629990203,8
