,Model,Metric,Value,run
0,cnn_resnet,mae,3.1605851972094943,1
1,cnn_resnet,mad,2.5842173638305663,1
2,cnn_resnet,r2,-0.2659992900087531,1
