,Model,Metric,Value,run
0,cnn_lenet,mae,2.4950628631736,7
1,cnn_lenet,mad,2.0305513985900876,7
2,cnn_lenet,r2,0.25242607354902424,7
