,Model,Metric,Value,run
0,cnn_resnet,mae,2.1401167220432997,5
1,cnn_resnet,mad,1.5724632391357418,5
2,cnn_resnet,r2,0.36399577956397133,5
