,Model,Metric,Value,run
0,cnn_lenet,mae,2.053299683745751,1
1,cnn_lenet,mad,1.6090494334411618,1
2,cnn_lenet,r2,0.453525220825443,1
