,Model,Metric,Value,run
0,cnn_resnet,mae,2.267455948845161,2
1,cnn_resnet,mad,1.7058691476440426,2
2,cnn_resnet,r2,-0.00881216446418609,2
