,Model,Metric,Value,run
0,cnn_lenet,mae,2.7142211686756847,3
1,cnn_lenet,mad,2.410865151611328,3
2,cnn_lenet,r2,0.15666878295051145,3
