,Model,Metric,Value,run
0,cnn_vgg,mae,2.264634801825639,1
1,cnn_vgg,mad,1.7543865223999022,1
2,cnn_vgg,r2,0.30391738373062693,1
