,Model,Metric,Value,run
0,cnn_lenet,mae,2.287209928764427,2
1,cnn_lenet,mad,1.9441733810119635,2
2,cnn_lenet,r2,0.32228532381506725,2
