,Model,Metric,Value,run
0,cnn_vgg,mae,3.0021415119390804,6
1,cnn_vgg,mad,2.907738495178223,6
2,cnn_vgg,r2,-0.009631751685833079,6
