,Model,Metric,Value,run
0,cnn_resnet,mae,2.7573606867249874,2
1,cnn_resnet,mad,2.5320892754516597,2
2,cnn_resnet,r2,0.11337617723207094,2
