,Model,Metric,Value,run
0,cnn_lenet,mae,2.27050083245028,9
1,cnn_lenet,mad,1.8973333779296873,9
2,cnn_lenet,r2,0.3435893954713548,9
