,Model,Metric,Value,run
0,cnn_vgg,mae,2.505291092886202,0
1,cnn_vgg,mad,1.9002483702087405,0
2,cnn_vgg,r2,0.21183824789411954,0
