,Model,Metric,Value,run
0,cnn_resnet,mae,3.1566835662851855,6
1,cnn_resnet,mad,2.9681334059143065,6
2,cnn_resnet,r2,-0.10483583083163328,6
