,Model,Metric,Value,run
0,cnn_vgg,mae,2.0002137133871223,8
1,cnn_vgg,mad,1.6373273722839352,8
2,cnn_vgg,r2,0.4804812206917587,8
