,Model,Metric,Value,run
0,cnn_vgg,mae,2.7481897218526488,3
1,cnn_vgg,mad,2.365601686248779,3
2,cnn_vgg,r2,0.14303444575354873,3
