,Model,Metric,Value,run
0,cnn_lenet,mae,2.6166949021760706,5
1,cnn_lenet,mad,2.078716442443848,5
2,cnn_lenet,r2,-0.03442822955363867,5
