,Model,Metric,Value,run
0,cnn_resnet,mae,2.23669625917791,1
1,cnn_resnet,mad,1.7070375740051267,1
2,cnn_resnet,r2,0.3341637518181766,1
