,Model,Metric,Value,run
0,cnn_vgg,mae,2.194740659730932,4
1,cnn_vgg,mad,1.6861226596069336,4
2,cnn_vgg,r2,0.3279932603427963,4
