,Model,Metric,Value,run
0,cnn_resnet,mae,2.9189579799755214,2
1,cnn_resnet,mad,1.8700390842742918,2
2,cnn_resnet,r2,-7.807362672044967,2
