,Model,Metric,Value,run
0,cnn_lenet,mae,3.007070731946337,7
1,cnn_lenet,mad,2.641608620941162,7
2,cnn_lenet,r2,-0.00499316996800081,7
