,Model,Metric,Value,run
0,cnn_lenet,mae,2.5925617016006304,3
1,cnn_lenet,mad,2.249174508605957,3
2,cnn_lenet,r2,0.18606524591850238,3
