,Model,Metric,Value,run
0,cnn_lenet,mae,2.099641052508176,8
1,cnn_lenet,mad,1.6870309838409425,8
2,cnn_lenet,r2,0.43744146737628675,8
