,Model,Metric,Value,run
0,cnn_lenet,mae,1.988938656580831,9
1,cnn_lenet,mad,1.6348262699432374,9
2,cnn_lenet,r2,0.4937839188019594,9
