,Model,Metric,Value,run
0,cnn_resnet,mae,2.26802777231556,4
1,cnn_resnet,mad,1.9585860849304204,4
2,cnn_resnet,r2,0.32873584744160333,4
