,Model,Metric,Value,run
0,cnn_lenet,mae,1.9084540094072109,8
1,cnn_lenet,mad,1.6270168152008067,8
2,cnn_lenet,r2,0.5604563681292087,8
