,Model,Metric,Value,run
0,cnn_vgg,mae,2.4738019622258616,8
1,cnn_vgg,mad,2.1431994668273924,8
2,cnn_vgg,r2,0.2751325565921262,8
