,Model,Metric,Value,run
0,cnn_resnet,mae,2.0402799500498507,5
1,cnn_resnet,mad,1.4945495385894771,5
2,cnn_resnet,r2,0.4010884925817093,5
