,Model,Metric,Value,run
0,cnn_vgg,mae,2.191023074791793,4
1,cnn_vgg,mad,1.8876510987243647,4
2,cnn_vgg,r2,0.3575687322680482,4
