,Model,Metric,Value,run
0,cnn_lenet,mae,2.117858252931197,8
1,cnn_lenet,mad,1.712675600921631,8
2,cnn_lenet,r2,0.44716635607207755,8
