,Model,Metric,Value,run
0,cnn_lenet,mae,1.9132385408965726,9
1,cnn_lenet,mad,1.605393717163086,9
2,cnn_lenet,r2,0.5369714260673848,9
