,Model,Metric,Value,run
0,cnn_vgg,mae,2.0815080740537537,2
1,cnn_vgg,mad,1.7048806413574216,2
2,cnn_vgg,r2,0.4490778645042338,2
