,Model,Metric,Value,run
0,cnn_lenet,mae,2.0943864736451787,4
1,cnn_lenet,mad,1.7887385456542964,4
2,cnn_lenet,r2,0.41855969210129795,4
