,Model,Metric,Value,run
0,cnn_vgg,mae,1.7291144941737415,5
1,cnn_vgg,mad,1.3187773765106203,5
2,cnn_vgg,r2,0.5382083362306065,5
