,Model,Metric,Value,run
0,cnn_vgg,mae,2.4346174169717307,3
1,cnn_vgg,mad,1.895545735168457,3
2,cnn_vgg,r2,0.238946447375866,3
