,Model,Metric,Value,run
0,cnn_lenet,mae,2.358205164533343,8
1,cnn_lenet,mad,2.1749577451171875,8
2,cnn_lenet,r2,0.37220442821288324,8
