,Model,Metric,Value,run
0,cnn_lenet,mae,2.1357037577683164,1
1,cnn_lenet,mad,1.6282254300384524,1
2,cnn_lenet,r2,0.3658266191471202,1
