,Model,Metric,Value,run
0,cnn_lenet,mae,2.280887847894773,9
1,cnn_lenet,mad,1.8128348385314945,9
2,cnn_lenet,r2,0.2910690232552944,9
