,Model,Metric,Value,run
0,cnn_lenet,mae,2.408936587779873,5
1,cnn_lenet,mad,2.0188795242309565,5
2,cnn_lenet,r2,0.2489283703196694,5
