,Model,Metric,Value,run
0,cnn_lenet,mae,2.992978537125472,7
1,cnn_lenet,mad,2.554947992126465,7
2,cnn_lenet,r2,-0.012119548456030804,7
