,Model,Metric,Value,run
0,cnn_lenet,mae,2.7390209662056386,4
1,cnn_lenet,mad,2.35980220022583,4
2,cnn_lenet,r2,0.058499612293144154,4
