,Model,Metric,Value,run
0,cnn_resnet,mae,2.5633838750885345,6
1,cnn_resnet,mad,1.9099489004821777,6
2,cnn_resnet,r2,0.12898105579553443,6
