,Model,Metric,Value,run
0,cnn_lenet,mae,3.612898756989951,6
1,cnn_lenet,mad,3.5643864348754883,6
2,cnn_lenet,r2,-0.36295903698672594,6
