,Model,Metric,Value,run
0,cnn_lenet,mae,1.9110361778796687,6
1,cnn_lenet,mad,1.527672392486572,6
2,cnn_lenet,r2,0.5324081057740141,6
