,Model,Metric,Value,run
0,cnn_resnet,mae,2.228704915464045,0
1,cnn_resnet,mad,1.8479275799865724,0
2,cnn_resnet,r2,0.42475623168225074,0
