,Model,Metric,Value,run
0,cnn_resnet,mae,2.108702846755059,7
1,cnn_resnet,mad,1.643297065795899,7
2,cnn_resnet,r2,0.4484134038577139,7
