,Model,Metric,Value,run
0,cnn_lenet,mae,2.756083361512069,7
1,cnn_lenet,mad,2.170409493286133,7
2,cnn_lenet,r2,0.09165368548739217,7
