,Model,Metric,Value,run
0,cnn_lenet,mae,1.9105984287555402,1
1,cnn_lenet,mad,1.5645739541015629,1
2,cnn_lenet,r2,0.5415970206864062,1
