,Model,Metric,Value,run
0,cnn_lenet,mae,2.1120278000152086,5
1,cnn_lenet,mad,1.6569744405212399,5
2,cnn_lenet,r2,0.3048846865147433,5
