,Model,Metric,Value,run
0,cnn_lenet,mae,2.010997478384416,8
1,cnn_lenet,mad,1.8056718314514155,8
2,cnn_lenet,r2,0.5220873050378667,8
