,Model,Metric,Value,run
0,cnn_lenet,mae,2.8309244305084564,4
1,cnn_lenet,mad,2.5136882751464844,4
2,cnn_lenet,r2,-0.004045312588059957,4
