,Model,Metric,Value,run
0,cnn_lenet,mae,2.956116589443668,7
1,cnn_lenet,mad,2.596633495635986,7
2,cnn_lenet,r2,0.04147746462508284,7
