,Model,Metric,Value,run
0,cnn_lenet,mae,2.8898104868313292,0
1,cnn_lenet,mad,2.466571567901612,0
2,cnn_lenet,r2,0.0009623025972566035,0
