,Model,Metric,Value,run
0,cnn_lenet,mae,3.2725332905006828,1
1,cnn_lenet,mad,3.1421666932678223,1
2,cnn_lenet,r2,-0.16120240768860716,1
