,Model,Metric,Value,run
0,cnn_lenet,mae,2.8341230931914616,2
1,cnn_lenet,mad,2.4735108129882817,2
2,cnn_lenet,r2,0.03283876089729265,2
