,Model,Metric,Value,run
0,cnn_lenet,mae,1.9723821565838486,9
1,cnn_lenet,mad,1.6653326067810057,9
2,cnn_lenet,r2,0.5061181323441888,9
