,Model,Metric,Value,run
0,cnn_vgg,mae,2.6646147456263454,3
1,cnn_vgg,mad,2.3133217868652336,3
2,cnn_vgg,r2,0.17474793464418947,3
