,Model,Metric,Value,run
0,cnn_vgg,mae,2.040166384650178,4
1,cnn_vgg,mad,1.8013571683349614,4
2,cnn_vgg,r2,0.4626620075523833,4
