,Model,Metric,Value,run
0,cnn_lenet,mae,1.9021061011119462,1
1,cnn_lenet,mad,1.4918528874511714,1
2,cnn_lenet,r2,0.5158120558294101,1
