,Model,Metric,Value,run
0,cnn_lenet,mae,2.610558194064968,1
1,cnn_lenet,mad,2.0979541683959964,1
2,cnn_lenet,r2,0.1137448217879462,1
