,Model,Metric,Value,run
0,cnn_vgg,mae,2.1246178055805585,9
1,cnn_vgg,mad,1.788046409942627,9
2,cnn_vgg,r2,0.4413419507246562,9
