,Model,Metric,Value,run
0,cnn_vgg,mae,2.8980855096546216,2
1,cnn_vgg,mad,2.476454685119629,2
2,cnn_vgg,r2,0.00193701989241446,2
