,Model,Metric,Value,run
0,cnn_vgg,mae,1.8841946614457015,9
1,cnn_vgg,mad,1.5595589269409178,9
2,cnn_vgg,r2,0.5463418102447797,9
