,Model,Metric,Value,run
0,cnn_vgg,mae,2.0349865081167535,1
1,cnn_vgg,mad,1.6622934743652342,1
2,cnn_vgg,r2,0.46261173464071914,1
