,Model,Metric,Value,run
0,cnn_resnet,mae,2.151678287263053,6
1,cnn_resnet,mad,1.7697127770233152,6
2,cnn_resnet,r2,0.40279394358874987,6
