,Model,Metric,Value,run
0,cnn_lenet,mae,2.4380944828414077,1
1,cnn_lenet,mad,2.0107647165527345,1
2,cnn_lenet,r2,0.24647880810012723,1
