,Model,Metric,Value,run
0,cnn_lenet,mae,1.9272869875342398,4
1,cnn_lenet,mad,1.6479500613098148,4
2,cnn_lenet,r2,0.5122534689005571,4
