,Model,Metric,Value,run
0,cnn_vgg,mae,2.0666805439733147,8
1,cnn_vgg,mad,1.7537436905212402,8
2,cnn_vgg,r2,0.4604580273095793,8
