,Model,Metric,Value,run
0,cnn_lenet,mae,2.8420913186117325,7
1,cnn_lenet,mad,2.4133519458618164,7
2,cnn_lenet,r2,0.08335469356100778,7
