,Model,Metric,Value,run
0,lstm1v0,mae,2.9659100822841102,7
1,lstm1v0,mad,2.4274241118164066,7
2,lstm1v0,r2,-0.030397689418185436,7
