,Model,Metric,Value,run
0,lstm2,mae,2.8159340003581623,1
1,lstm2,mad,2.3217545,1
2,lstm2,r2,-0.008370283100855413,1
