,Model,Metric,Value,run
0,lstm1v0,mae,2.138455132861295,2
1,lstm1v0,mad,1.7958744498596189,2
2,lstm1v0,r2,0.38971724662229446,2
