,Model,Metric,Value,run
0,lstm1,mae,1.8335651429418207,2
1,lstm1,mad,1.4814747913208008,2
2,lstm1,r2,0.547881984863563,2
