,Model,Metric,Value,run
0,lstm1v0,mae,2.8818702896728516,6
1,lstm1v0,mad,2.456932185302734,6
2,lstm1v0,r2,-0.03083150455329342,6
