,Model,Metric,Value,run
0,lstm2,mae,2.9134374922483675,2
1,lstm2,mad,2.510917779174804,2
2,lstm2,r2,-0.0021048686563398533,2
