,Model,Metric,Value,run
0,lstm2,mae,2.891074112377963,2
1,lstm2,mad,2.494540575073242,2
2,lstm2,r2,-0.013622383798362003,2
