,Model,Metric,Value,run
0,lstm1,mae,2.8243341690368653,4
1,lstm1,mad,2.521594564910888,4
2,lstm1,r2,-0.0035835174205705034,4
