,Model,Metric,Value,run
0,lstm1v0,mae,2.9844051744792224,8
1,lstm1v0,mad,2.640654615814209,8
2,lstm1v0,r2,-0.04178151839926558,8
