,Model,Metric,Value,run
0,lstm2,mae,3.0478269586389564,3
1,lstm2,mad,2.902098414520264,3
2,lstm2,r2,-0.019047610338862153,3
