,Model,Metric,Value,run
0,lstm1v0,mae,2.9260701525857105,2
1,lstm1v0,mad,2.5190476621398927,2
2,lstm1v0,r2,-0.0002645865369321765,2
