,Model,Metric,Value,run
0,lstm1,mae,1.7872453863961355,3
1,lstm1,mad,1.3903061087951656,3
2,lstm1,r2,0.5753949142373253,3
