,Model,Metric,Value,run
0,lstm1v0,mae,1.631421982683538,7
1,lstm1v0,mad,1.2879235305480954,7
2,lstm1v0,r2,0.664196341941848,7
