,Model,Metric,Value,run
0,lstm_fcn,mae,1.9410359467558809,7
1,lstm_fcn,mad,1.6626429034729,7
2,lstm_fcn,r2,0.5354881642227836,7
