,Model,Metric,Value,run
0,lstm_fcn,mae,1.8266858826772667,0
1,lstm_fcn,mad,1.4997777016448977,0
2,lstm_fcn,r2,0.5849840243799227,0
