,Model,Metric,Value,run
0,lstm_fcn,mae,2.4810309592520325,8
1,lstm_fcn,mad,1.967827875549316,8
2,lstm_fcn,r2,0.20346711969147946,8
