,Model,Metric,Value,run
0,lstm2,mae,3.020962169881967,0
1,lstm2,mad,2.7573010000000004,0
2,lstm2,r2,-0.007946262127119574,0
