,Model,Metric,Value,run
0,lstm1v0,mae,1.775604087457678,5
1,lstm1v0,mad,1.4171478304138185,5
2,lstm1v0,r2,0.5656117997823827,5
