,Model,Metric,Value,run
0,lstm1,mae,2.9306561772169175,6
1,lstm1,mad,2.7407764456787107,6
2,lstm1,r2,-0.0001135045199371909,6
