,Model,Metric,Value,run
0,lstm1v0,mae,2.8790367524043488,3
1,lstm1v0,mad,2.3183120778808592,3
2,lstm1v0,r2,-0.0284583813178918,3
