,Model,Metric,Value,run
0,lstm1,mae,2.0935611339014075,5
1,lstm1,mad,1.697678059570313,5
2,lstm1,r2,0.417216468565745,5
