,Model,Metric,Value,run
0,lstm1v0,mae,2.9027315279608086,2
1,lstm1v0,mad,2.491396706512451,2
2,lstm1v0,r2,-0.005648499206328816,2
