,Model,Metric,Value,run
0,lstm1v0,mae,3.0003697085690337,8
1,lstm1v0,mad,2.7293591525573726,8
2,lstm1v0,r2,-0.008983268730434979,8
