,Model,Metric,Value,run
0,lstm_fcn,mae,2.4200184265624243,2
1,lstm_fcn,mad,1.7925450981445312,2
2,lstm_fcn,r2,-0.009375317662988492,2
