,Model,Metric,Value,run
0,lstm2,mae,1.9654500144128486,9
1,lstm2,mad,1.6007782961730959,9
2,lstm2,r2,0.5080225096531267,9
