,Model,Metric,Value,run
0,lstm2,mae,1.8399683276002485,2
1,lstm2,mad,1.483863204315186,2
2,lstm2,r2,0.5554723429481538,2
