,Model,Metric,Value,run
0,lstm_fcn,mae,2.183570014842945,3
1,lstm_fcn,mad,1.7084079533843992,3
2,lstm_fcn,r2,0.4026216500593187,3
