,Model,Metric,Value,run
0,lstm1,mae,2.75581265234878,4
1,lstm1,mad,2.3396329928283692,4
2,lstm1,r2,-0.01565424366055712,4
