,Model,Metric,Value,run
0,lstm1,mae,2.8039317787063096,4
1,lstm1,mad,2.5023955000000004,4
2,lstm1,r2,-0.0005530439157357403,4
