,Model,Metric,Value,run
0,lstm1v0,mae,2.2291830859758144,9
1,lstm1v0,mad,1.9757782324218747,9
2,lstm1v0,r2,0.4044904732471154,9
