,Model,Metric,Value,run
0,lstm1v0,mae,3.001400440561986,5
1,lstm1v0,mad,2.841807704467773,5
2,lstm1v0,r2,-0.04530456725779208,5
