,Model,Metric,Value,run
0,lstm1,mae,3.0288142332844155,0
1,lstm1,mad,2.7491241341857906,0
2,lstm1,r2,-0.003514232662529704,0
