,Model,Metric,Value,run
0,lstm2,mae,2.779571398513794,4
1,lstm2,mad,2.4142839370727547,4
2,lstm2,r2,-0.0007674567587445669,4
