,Model,Metric,Value,run
0,lstm1,mae,1.990827803192977,8
1,lstm1,mad,1.5931819804382323,8
2,lstm1,r2,0.5306945599457854,8
