,Model,Metric,Value,run
0,lstm2,mae,2.106045479560852,0
1,lstm2,mad,1.6778259009704595,0
2,lstm2,r2,0.49303660315615894,0
