,Model,Metric,Value,run
0,lstm1,mae,1.7991734382306612,2
1,lstm1,mad,1.366236092681885,2
2,lstm1,r2,0.5725177995029784,2
