,Model,Metric,Value,run
0,lstm1,mae,2.8694741196094555,4
1,lstm1,mad,2.654162796691895,4
2,lstm1,r2,-0.01587481182098016,4
