,Model,Metric,Value,run
0,lstm2,mae,2.185962232914181,6
1,lstm2,mad,1.8938371903076163,6
2,lstm2,r2,0.43570246319106165,6
