,Model,Metric,Value,run
0,lstm_fcn,mae,2.933079004083319,2
1,lstm_fcn,mad,2.21722830708313,2
2,lstm_fcn,r2,-0.5529066807343943,2
