,Model,Metric,Value,run
0,lstm1v0,mae,2.911423445623377,6
1,lstm1v0,mad,2.652828796661377,6
2,lstm1v0,r2,-0.002649817066961546,6
