,Model,Metric,Value,run
0,lstm1v0,mae,1.9870421456210796,0
1,lstm1v0,mad,1.5939865411376957,0
2,lstm1v0,r2,0.5356506355204336,0
