,Model,Metric,Value,run
0,lstm2,mae,2.890112928912823,1
1,lstm2,mad,2.3397215000000005,1
2,lstm2,r2,-0.004741684484118824,1
