,Model,Metric,Value,run
0,lstm2,mae,2.880445000693353,9
1,lstm2,mad,2.6679128417358395,9
2,lstm2,r2,0.015132480245465207,9
