,Model,Metric,Value,run
0,lstm_fcn,mae,2.1975396774442486,1
1,lstm_fcn,mad,1.8206730339965818,1
2,lstm_fcn,r2,0.3746257729596506,1
