,Model,Metric,Value,run
0,lstm1v0,mae,2.819906802185226,1
1,lstm1v0,mad,2.3342464768371576,1
2,lstm1v0,r2,-0.006216077401193898,1
