,Model,Metric,Value,run
0,lstm2,mae,2.9330060176326214,6
1,lstm2,mad,2.7410326769409177,6
2,lstm2,r2,-4.348930293707198e-05,6
