,Model,Metric,Value,run
0,lstm2,mae,2.0503995553671026,3
1,lstm2,mad,1.7414443872985843,3
2,lstm2,r2,0.46952233207844307,3
