,Model,Metric,Value,run
0,lstm1v0,mae,1.9000229632711725,1
1,lstm1v0,mad,1.4027930592956537,1
2,lstm1v0,r2,0.510542827281361,1
