,Model,Metric,Value,run
0,lstm1,mae,1.9252952575703712,4
1,lstm1,mad,1.5780728288879398,4
2,lstm1,r2,0.4726295263548487,4
