,Model,Metric,Value,run
0,lstm_fcn,mae,2.298173675914387,5
1,lstm_fcn,mad,1.7474216101684572,5
2,lstm_fcn,r2,0.23693246845876892,5
