,Model,Metric,Value,run
0,lstm2,mae,3.0796093402045948,1
1,lstm2,mad,2.78629101361084,1
2,lstm2,r2,-0.06616902347663944,1
