,Model,Metric,Value,run
0,lstm1v0,mae,2.8840387660525817,9
1,lstm1v0,mad,2.592818404083252,9
2,lstm1v0,r2,-0.005333026435546229,9
