,Model,Metric,Value,run
0,lstm1v0,mae,1.8006138675571484,3
1,lstm1v0,mad,1.3763827113952631,3
2,lstm1v0,r2,0.5441586741400475,3
