,Model,Metric,Value,run
0,lstm_fcn,mae,2.7579876197949083,5
1,lstm_fcn,mad,2.2463035219726564,5
2,lstm_fcn,r2,-0.21658284097171587,5
