,Model,Metric,Value,run
0,lstm2,mae,2.9987609658040473,7
1,lstm2,mad,2.5833551301269533,7
2,lstm2,r2,-0.009772280939954081,7
