,Model,Metric,Value,run
0,lstm1,mae,3.0024781017016733,1
1,lstm1,mad,2.6440219380798338,1
2,lstm1,r2,-0.036779316740700674,1
