,Model,Metric,Value,run
0,lstm2,mae,1.631170685246562,9
1,lstm2,mad,1.3039681594238282,9
2,lstm2,r2,0.6600586468641985,9
