,Model,Metric,Value,run
0,lstm_fcn,mae,2.230270129546113,6
1,lstm_fcn,mad,1.8418370784912113,6
2,lstm_fcn,r2,0.35219558717345467,6
