,Model,Metric,Value,run
0,lstm_fcn,mae,2.8812328878387614,7
1,lstm_fcn,mad,2.3571089348754883,7
2,lstm_fcn,r2,-0.021073469436192704,7
