,Model,Metric,Value,run
0,lstm1,mae,2.829166242387373,1
1,lstm1,mad,2.375031361022949,1
2,lstm1,r2,-0.0028042359518272164,1
