,Model,Metric,Value,run
0,lstm1v0,mae,3.068769380811251,0
1,lstm1v0,mad,2.3442971364440917,0
2,lstm1v0,r2,-0.18284830649085926,0
