,Model,Metric,Value,run
0,lstm1v0,mae,1.998112736823281,5
1,lstm1v0,mad,1.542638088012695,5
2,lstm1v0,r2,0.4189164549182325,5
