,Model,Metric,Value,run
0,lstm1v0,mae,1.8734671940202816,9
1,lstm1v0,mad,1.5249450877685549,9
2,lstm1v0,r2,0.5565819883541567,9
