,Model,Metric,Value,run
0,lstm_fcn,mae,1.9813500122425793,6
1,lstm_fcn,mad,1.6464040702514642,6
2,lstm_fcn,r2,0.5057747321576511,6
