,Model,Metric,Value,run
0,lstm_fcn,mae,2.2105456691504255,2
1,lstm_fcn,mad,1.7978044114379879,2
2,lstm_fcn,r2,0.40055641898970606,2
