,Model,Metric,Value,run
0,lstm2,mae,2.8164947319288984,4
1,lstm2,mad,2.543517162139892,4
2,lstm2,r2,-0.002199558250599365,4
