,Model,Metric,Value,run
0,lstm1,mae,2.900812862965846,5
1,lstm1,mad,2.678623137298583,5
2,lstm1,r2,-0.01318475751088477,5
