,Model,Metric,Value,run
0,lstm1v0,mae,2.8374033139163846,4
1,lstm1v0,mad,2.5129126811218265,4
2,lstm1v0,r2,-0.0064838885496905085,4
