,Model,Metric,Value,run
0,lstm1,mae,3.0209376520680853,0
1,lstm1,mad,2.757300046325684,0
2,lstm1,r2,-0.007965507167392971,0
