,Model,Metric,Value,run
0,lstm2,mae,1.7188457330266091,5
1,lstm2,mad,1.2847918101806641,5
2,lstm2,r2,0.5820387466186023,5
