,Model,Metric,Value,run
0,lstm_fcn,mae,2.212896346796811,6
1,lstm_fcn,mad,1.756255647216797,6
2,lstm_fcn,r2,0.35095758559920065,6
