,Model,Metric,Value,run
0,lstm1,mae,1.904305466979645,0
1,lstm1,mad,1.580136004089356,0
2,lstm1,r2,0.5596051328475287,0
