,Model,Metric,Value,run
0,lstm1,mae,2.5739435091973606,6
1,lstm1,mad,2.4432829820556643,6
2,lstm1,r2,0.2805076754026701,6
