,Model,Metric,Value,run
0,lstm1v0,mae,2.954242298677549,6
1,lstm1v0,mad,2.7973100390319825,6
2,lstm1v0,r2,-0.0008272146387411361,6
