,Model,Metric,Value,run
0,lstm2,mae,2.965574403588599,3
1,lstm2,mad,2.7241614999999997,3
2,lstm2,r2,-0.0007987081334739354,3
