,Model,Metric,Value,run
0,lstm1,mae,2.1203578084988433,5
1,lstm1,mad,1.807938257598877,5
2,lstm1,r2,0.39649064099057485,5
