,Model,Metric,Value,run
0,lstm1,mae,2.9838736674910327,3
1,lstm1,mad,2.7452289321594234,3
2,lstm1,r2,-0.0031657946839693807,3
