,Model,Metric,Value,run
0,lstm1,mae,2.1069534480330914,8
1,lstm1,mad,1.8242911162719722,8
2,lstm1,r2,0.4489823475782718,8
