,Model,Metric,Value,run
0,lstm1,mae,2.8740085147460266,3
1,lstm1,mad,2.2494935148925785,3
2,lstm1,r2,-0.04081558608855951,3
