,Model,Metric,Value,run
0,lstm_fcn,mae,2.6589457605050892,7
1,lstm_fcn,mad,1.9396192163696289,7
2,lstm_fcn,r2,-0.3061493846376697,7
