,Model,Metric,Value,run
0,lstm1v0,mae,3.013197402801346,7
1,lstm1v0,mad,2.6592134329223636,7
2,lstm1v0,r2,-0.005293269485088681,7
