,Model,Metric,Value,run
0,lstm1,mae,2.9161027429762623,6
1,lstm1,mad,2.689842327392578,6
2,lstm1,r2,-0.001691459857792621,6
