,Model,Metric,Value,run
0,lstm2,mae,1.7595673917606898,0
1,lstm2,mad,1.3714753498840326,0
2,lstm2,r2,0.6175133919712101,0
