,Model,Metric,Value,run
0,lstm2,mae,2.8078610740889665,4
1,lstm2,mad,2.492861161804199,4
2,lstm2,r2,-0.0009669980886291007,4
