,Model,Metric,Value,run
0,lstm1,mae,2.0396291932918,9
1,lstm1,mad,1.7807535446166995,9
2,lstm1,r2,0.4976910155434653,9
