,Model,Metric,Value,run
0,lstm_fcn,mae,2.3459903089324614,4
1,lstm_fcn,mad,2.1202996792907713,4
2,lstm_fcn,r2,0.31854194643954414,4
