,Model,Metric,Value,run
0,lstm_fcn,mae,3.013045438304691,7
1,lstm_fcn,mad,2.7459696796874997,7
2,lstm_fcn,r2,0.04310485716871171,7
