,Model,Metric,Value,run
0,lstm1,mae,1.9335827356874233,2
1,lstm1,mad,1.5106877366943365,2
2,lstm1,r2,0.4981225961103988,2
