,Model,Metric,Value,run
0,lstm_fcn,mae,2.307930060728304,9
1,lstm_fcn,mad,1.8679606902465817,9
2,lstm_fcn,r2,0.3113645600161439,9
