,Model,Metric,Value,run
0,lstm1,mae,1.8179794435698964,6
1,lstm1,mad,1.5100252321929934,6
2,lstm1,r2,0.5784815754616837,6
