,Model,Metric,Value,run
0,lstm1,mae,1.8597542586968392,8
1,lstm1,mad,1.4956043959960938,8
2,lstm1,r2,0.588271658573501,8
