,Model,Metric,Value,run
0,lstm1v0,mae,3.068329937499329,7
1,lstm1v0,mad,2.8229426561584474,7
2,lstm1v0,r2,-2.3842802408191588e-05,7
