,Model,Metric,Value,run
0,lstm1v0,mae,2.9961189852128918,3
1,lstm1v0,mad,2.7472008341674803,3
2,lstm1v0,r2,-0.005351215365117179,3
