,Model,Metric,Value,run
0,lstm2,mae,2.7130068688879327,2
1,lstm2,mad,2.2742015012512207,2
2,lstm2,r2,0.09307990122644805,2
