,Model,Metric,Value,run
0,lstm2,mae,1.8829815934144745,0
1,lstm2,mad,1.4807675187072755,0
2,lstm2,r2,0.5590590135691063,0
