,Model,Metric,Value,run
0,lstm1v0,mae,2.890823159019052,9
1,lstm1v0,mad,2.6668547998046876,9
2,lstm1v0,r2,-0.0023378933402229407,9
