,Model,Metric,Value,run
0,lstm1,mae,2.00985710910009,6
1,lstm1,mad,1.5500918970642088,6
2,lstm1,r2,0.47993176252002145,6
