,Model,Metric,Value,run
0,lstm2,mae,2.918881388149387,9
1,lstm2,mad,2.6818965557861327,9
2,lstm2,r2,-0.0010231726107947647,9
