,Model,Metric,Value,run
0,lstm1,mae,2.873864101206685,3
1,lstm1,mad,2.244767104980469,3
2,lstm1,r2,-0.04137913263853821,3
