,Model,Metric,Value,run
0,lstm1,mae,3.0123596157687675,0
1,lstm1,mad,2.6928497428588867,0
2,lstm1,r2,-0.017578983916367807,0
