,Model,Metric,Value,run
0,lstm_fcn,mae,3.006228680790199,0
1,lstm_fcn,mad,2.5923740208435055,0
2,lstm_fcn,r2,-0.05550525861333,0
