,Model,Metric,Value,run
0,lstm1,mae,1.9625625283937558,3
1,lstm1,mad,1.5509508096313471,3
2,lstm1,r2,0.4874203129250346,3
