,Model,Metric,Value,run
0,lstm1,mae,2.1063963939433674,1
1,lstm1,mad,1.7375690161132806,1
2,lstm1,r2,0.3959125615281759,1
