,Model,Metric,Value,run
0,lstm_fcn,mae,2.8197133376260277,4
1,lstm_fcn,mad,2.461871319641114,4
2,lstm_fcn,r2,-0.06316777127740703,4
