,Model,Metric,Value,run
0,lstm1,mae,2.8921396495477025,2
1,lstm1,mad,2.5025142683715824,2
2,lstm1,r2,-0.012678498581638165,2
