,Model,Metric,Value,run
0,lstm2,mae,3.0120677364082753,0
1,lstm2,mad,2.6862388724975585,0
2,lstm2,r2,-0.018058311142065797,0
