,Model,Metric,Value,run
0,lstm2,mae,2.9905156311838343,8
1,lstm2,mad,2.6450210901489255,8
2,lstm2,r2,-0.022770671996030778,8
