,Model,Metric,Value,run
0,lstm1,mae,2.7946083288002432,5
1,lstm1,mad,2.4409932703247073,5
2,lstm1,r2,0.001585332350961366,5
