,Model,Metric,Value,run
0,lstm2,mae,2.819558603640378,1
1,lstm2,mad,2.3342459999999994,1
2,lstm2,r2,-0.006351657468147476,1
