,Model,Metric,Value,run
0,lstm2,mae,3.0165484835848964,0
1,lstm2,mad,2.721188824279785,0
2,lstm2,r2,-0.012225616116422922,0
