,Model,Metric,Value,run
0,lstm2,mae,1.790027572399349,0
1,lstm2,mad,1.5636210300445557,0
2,lstm2,r2,0.6038396896294582,0
