,Model,Metric,Value,run
0,lstm1,mae,2.8718914453270883,9
1,lstm1,mad,2.481918710571289,9
2,lstm1,r2,-0.02437904285290715,9
