,Model,Metric,Value,run
0,lstm1,mae,3.145058945507008,7
1,lstm1,mad,2.8733579380798338,7
2,lstm1,r2,-0.008915791381887805,7
