,Model,Metric,Value,run
0,lstm1,mae,2.076580903338925,3
1,lstm1,mad,1.7901215962219243,3
2,lstm1,r2,0.4451750890563694,3
