,Model,Metric,Value,run
0,lstm1,mae,2.0685897436290364,4
1,lstm1,mad,1.760542131713867,4
2,lstm1,r2,0.40224681623755987,4
