,Model,Metric,Value,run
0,lstm2,mae,2.1747503607977565,8
1,lstm2,mad,1.7594940531311032,8
2,lstm2,r2,0.40407775986907435,8
