,Model,Metric,Value,run
0,lstm1,mae,2.8139207650604248,4
1,lstm1,mad,2.5305794578552243,4
2,lstm1,r2,-0.0018155206462191487,4
