,Model,Metric,Value,run
0,lstm1v0,mae,2.9492742011794206,3
1,lstm1v0,mad,2.656247396759033,3
2,lstm1v0,r2,-6.434902198648729e-06,3
