,Model,Metric,Value,run
0,lstm2,mae,1.8298133202395594,4
1,lstm2,mad,1.4419920060424807,4
2,lstm2,r2,0.5186155884349439,4
