,Model,Metric,Value,run
0,lstm1,mae,3.2851711507786345,6
1,lstm1,mad,3.239096299743653,6
2,lstm1,r2,-0.12759528579876434,6
