,Model,Metric,Value,run
0,lstm2,mae,2.8463513945849073,1
1,lstm2,mad,2.345879524658203,1
2,lstm2,r2,-8.133039457813851e-05,1
