,Model,Metric,Value,run
0,lstm2,mae,2.1169116499734395,3
1,lstm2,mad,1.7066733049316398,3
2,lstm2,r2,0.3812667671171629,3
