,Model,Metric,Value,run
0,lstm1,mae,1.6704322460390868,0
1,lstm1,mad,1.3505449204864508,0
2,lstm1,r2,0.664894157762506,0
