,Model,Metric,Value,run
0,lstm_fcn,mae,2.0181779858343103,5
1,lstm_fcn,mad,1.7704535169067386,5
2,lstm_fcn,r2,0.4740588517008336,5
