,Model,Metric,Value,run
0,lstm2,mae,1.9711226628981373,7
1,lstm2,mad,1.4866508980712894,7
2,lstm2,r2,0.5005736984963296,7
