,Model,Metric,Value,run
0,lstm2,mae,2.848049071293925,1
1,lstm2,mad,2.3367574073486326,1
2,lstm2,r2,-2.6006323246452467e-05,1
