,Model,Metric,Value,run
0,lstm1v0,mae,1.897055928580064,5
1,lstm1v0,mad,1.4857254318847661,5
2,lstm1v0,r2,0.4993749327582838,5
