,Model,Metric,Value,run
0,lstm_fcn,mae,2.9291418479818194,0
1,lstm_fcn,mad,2.278235801513672,0
2,lstm_fcn,r2,-0.045168030425709826,0
