,Model,Metric,Value,run
0,lstm1v0,mae,3.0222738617484968,7
1,lstm1v0,mad,2.711915859832764,7
2,lstm1v0,r2,-0.0034397647921275976,7
