,Model,Metric,Value,run
0,lstm1v0,mae,1.9131609336321485,6
1,lstm1v0,mad,1.5522253952178957,6
2,lstm1v0,r2,0.5190782129846937,6
