,Model,Metric,Value,run
0,lstm_fcn,mae,2.9217961479897974,0
1,lstm_fcn,mad,2.2373885730895995,0
2,lstm_fcn,r2,-0.07663078170079607,0
