,Model,Metric,Value,run
0,lstm1v0,mae,1.7910900462491381,8
1,lstm1v0,mad,1.4670994276428226,8
2,lstm1v0,r2,0.6058162702618171,8
