,Model,Metric,Value,run
0,lstm2,mae,3.598575435680851,6
1,lstm2,mad,3.4121045789489743,6
2,lstm2,r2,-0.32768520249103306,6
