,Model,Metric,Value,run
0,lstm_fcn,mae,2.192760278548021,7
1,lstm_fcn,mad,1.7031675761413574,7
2,lstm_fcn,r2,0.39033245522343885,7
