,Model,Metric,Value,run
0,lstm1,mae,2.3315355201201386,8
1,lstm1,mad,2.099493115600586,8
2,lstm1,r2,0.36777477381982493,8
