,Model,Metric,Value,run
0,lstm1,mae,3.0423114296814635,0
1,lstm1,mad,2.779672478881836,0
2,lstm1,r2,-0.000450895550847763,0
