,Model,Metric,Value,run
0,lstm1v0,mae,2.974684863744044,3
1,lstm1v0,mad,2.743698422729492,3
2,lstm1v0,r2,-0.00179346713608175,3
