,Model,Metric,Value,run
0,lstm1v0,mae,3.0212627924616893,3
1,lstm1v0,mad,2.8143419254455564,3
2,lstm1v0,r2,-0.011227523967092923,3
