,Model,Metric,Value,run
0,lstm1,mae,2.1762434682687615,7
1,lstm1,mad,1.7369018380432126,7
2,lstm1,r2,0.41540374502329847,7
