,Model,Metric,Value,run
0,lstm1v0,mae,2.9597148456783082,3
1,lstm1v0,mad,2.6943692113342284,3
2,lstm1v0,r2,-0.0003589879084011649,3
