,Model,Metric,Value,run
0,lstm2,mae,3.1689940356088155,8
1,lstm2,mad,2.9472969768371584,8
2,lstm2,r2,-0.04743657783592181,8
