,Model,Metric,Value,run
0,lstm1v0,mae,2.8743342640045504,4
1,lstm1v0,mad,2.6652817045593267,4
2,lstm1v0,r2,-0.017557001781915327,4
