,Model,Metric,Value,run
0,lstm1v0,mae,2.8790968453176307,5
1,lstm1v0,mad,2.6243833061523434,5
2,lstm1v0,r2,-0.008221768348449343,5
