,Model,Metric,Value,run
0,lstm1,mae,1.8920725012046058,6
1,lstm1,mad,1.4823456257629397,6
2,lstm1,r2,0.5381324094454878,6
