,Model,Metric,Value,run
0,lstm1,mae,2.0038752709986927,2
1,lstm1,mad,1.5121123726196286,2
2,lstm1,r2,0.44933463217942093,2
