,Model,Metric,Value,run
0,lstm1v0,mae,2.944786940144801,2
1,lstm1v0,mad,2.573417405853272,2
2,lstm1v0,r2,-0.00045115512383331335,2
