,Model,Metric,Value,run
0,lstm1,mae,2.0425903705977557,3
1,lstm1,mad,1.6355189974670408,3
2,lstm1,r2,0.44140472381355067,3
