,Model,Metric,Value,run
0,lstm1v0,mae,2.236305842111357,5
1,lstm1v0,mad,1.791671150634766,5
2,lstm1v0,r2,0.3183979431577899,5
