,Model,Metric,Value,run
0,lstm1v0,mae,1.6854479508766762,9
1,lstm1v0,mad,1.4477273281555183,9
2,lstm1v0,r2,0.6358794273579356,9
