,Model,Metric,Value,run
0,lstm2,mae,1.9587678049136987,3
1,lstm2,mad,1.5194301951293943,3
2,lstm2,r2,0.4699551089965994,3
