,Model,Metric,Value,run
0,lstm1v0,mae,2.5573862126707136,7
1,lstm1v0,mad,2.040417804901123,7
2,lstm1v0,r2,0.2066565081348658,7
