,Model,Metric,Value,run
0,lstm1,mae,2.8991325773774874,9
1,lstm1,mad,2.669675892181396,9
2,lstm1,r2,-0.00041800675963066247,9
