,Model,Metric,Value,run
0,lstm2,mae,2.8934661861674558,9
1,lstm2,mad,2.649253811828613,9
2,lstm2,r2,-0.0015377971636236776,9
