,Model,Metric,Value,run
0,lstm1,mae,2.2310477257405372,8
1,lstm1,mad,1.9380072667541501,8
2,lstm1,r2,0.4139533969188053,8
