,Model,Metric,Value,run
0,lstm1,mae,3.0034780575167477,8
1,lstm1,mad,2.7302799859619133,8
2,lstm1,r2,-0.006334394717883329,8
