,Model,Metric,Value,run
0,lstm1,mae,1.9888652013553159,5
1,lstm1,mad,1.6336772697143553,5
2,lstm1,r2,0.44056497543695927,5
