,Model,Metric,Value,run
0,lstm_fcn,mae,2.2681753846697963,7
1,lstm_fcn,mad,1.800690343704224,7
2,lstm_fcn,r2,0.35881126483942516,7
