,Model,Metric,Value,run
0,lstm1,mae,1.681853153425447,4
1,lstm1,mad,1.3565863376464842,4
2,lstm1,r2,0.5905906254959836,4
