,Model,Metric,Value,run
0,lstm_fcn,mae,2.9496347182190448,2
1,lstm_fcn,mad,2.3153153311309813,2
2,lstm_fcn,r2,-0.3859994590951654,2
