,Model,Metric,Value,run
0,lstm_fcn,mae,2.267201614182105,1
1,lstm_fcn,mad,1.778243355895996,1
2,lstm_fcn,r2,0.32937458179517054,1
