,Model,Metric,Value,run
0,lstm2,mae,2.989382440777286,8
1,lstm2,mad,2.661248,8
2,lstm2,r2,-0.024958257083879776,8
