,Model,Metric,Value,run
0,lstm2,mae,2.991817388865544,7
1,lstm2,mad,2.5464941461486816,7
2,lstm2,r2,-0.012621427828854115,7
