,Model,Metric,Value,run
0,lstm1,mae,3.0067476838474483,0
1,lstm1,mad,2.623070003295899,0
2,lstm1,r2,-0.028241335568463866,0
