,Model,Metric,Value,run
0,lstm_fcn,mae,2.7683650363506276,4
1,lstm_fcn,mad,2.1889994804077144,4
2,lstm_fcn,r2,-0.11299650098840286,4
