,Model,Metric,Value,run
0,lstm1v0,mae,3.269431522766114,6
1,lstm1v0,mad,3.233551839324951,6
2,lstm1v0,r2,-0.11925434614613795,6
