,Model,Metric,Value,run
0,lstm1,mae,3.01137978090827,0
1,lstm1,mad,2.687502490966797,0
2,lstm1,r2,-0.01749654279684254,0
