,Model,Metric,Value,run
0,lstm1v0,mae,3.0140262257376866,0
1,lstm1v0,mad,2.7267142409973144,0
2,lstm1v0,r2,-0.015217202579309586,0
