,Model,Metric,Value,run
0,lstm_fcn,mae,2.9984339147099086,0
1,lstm_fcn,mad,2.5845172186279295,0
2,lstm_fcn,r2,-0.029315557431936368,0
