,Model,Metric,Value,run
0,lstm1,mae,1.931763678587274,0
1,lstm1,mad,1.6692131343231202,0
2,lstm1,r2,0.5598585715303446,0
