,Model,Metric,Value,run
0,lstm1,mae,2.9666663606808843,3
1,lstm1,mad,2.724161976837158,3
2,lstm1,r2,-0.0008996198749218198,3
