,Model,Metric,Value,run
0,lstm1,mae,1.8245646369835988,0
1,lstm1,mad,1.4727037356567383,0
2,lstm1,r2,0.5951505288100367,0
