,Model,Metric,Value,run
0,lstm2,mae,2.9938048709042726,3
1,lstm2,mad,2.758294450653076,3
2,lstm2,r2,-0.0049098916863581366,3
