,Model,Metric,Value,run
0,lstm_fcn,mae,1.9809531147029165,0
1,lstm_fcn,mad,1.6057952111816403,0
2,lstm_fcn,r2,0.5339037911699218,0
