,Model,Metric,Value,run
0,lstm1,mae,1.9618147133928237,3
1,lstm1,mad,1.5552358576354983,3
2,lstm1,r2,0.4709946156234378,3
