,Model,Metric,Value,run
0,lstm2,mae,1.7268512462973125,7
1,lstm2,mad,1.3274936001281734,7
2,lstm2,r2,0.6344734051570232,7
