,Model,Metric,Value,run
0,lstm2,mae,1.9551397594423396,2
1,lstm2,mad,1.680802804901122,2
2,lstm2,r2,0.49094623960507733,2
