,Model,Metric,Value,run
0,lstm_fcn,mae,3.24376314034418,3
1,lstm_fcn,mad,2.676959924468994,3
2,lstm_fcn,r2,-0.33260910103273056,3
