,Model,Metric,Value,run
0,lstm2,mae,3.00327098175468,0
1,lstm2,mad,2.5563021012573244,0
2,lstm2,r2,-0.042543952433694576,0
