,Model,Metric,Value,run
0,lstm_fcn,mae,2.1133336758626577,7
1,lstm_fcn,mad,1.6543796027526851,7
2,lstm_fcn,r2,0.4571421616410376,7
