,Model,Metric,Value,run
0,lstm1,mae,2.8594388251061074,1
1,lstm1,mad,2.375823839752198,1
2,lstm1,r2,-0.00031197567651908287,1
