,Model,Metric,Value,run
0,lstm2,mae,2.7914600339903775,5
1,lstm2,mad,2.4062756376342778,5
2,lstm2,r2,-0.0004950724157850583,5
