,Model,Metric,Value,run
0,lstm1,mae,2.956584844157293,7
1,lstm1,mad,2.3630981837158203,7
2,lstm1,r2,-0.04554642596786196,7
