,Model,Metric,Value,run
0,lstm1,mae,1.9577981972241243,7
1,lstm1,mad,1.5293737413024906,7
2,lstm1,r2,0.53908357948786,7
