,Model,Metric,Value,run
0,lstm1v0,mae,1.7857069517650392,4
1,lstm1v0,mad,1.392004173492432,4
2,lstm1v0,r2,0.5355294891235252,4
