,Model,Metric,Value,run
0,lstm1v0,mae,1.8160254948488173,9
1,lstm1v0,mad,1.5416536878814697,9
2,lstm1v0,r2,0.5811458402919761,9
