,Model,Metric,Value,run
0,lstm1,mae,2.8895842602198676,2
1,lstm1,mad,2.4808479873046876,2
2,lstm1,r2,-0.015279534754838009,2
