,Model,Metric,Value,run
0,lstm1,mae,2.896889182667492,9
1,lstm1,mad,2.6669169113464353,9
2,lstm1,r2,-0.0007750416421035133,9
