,Model,Metric,Value,run
0,lstm2,mae,1.9581675131347154,5
1,lstm2,mad,1.5687296715698245,5
2,lstm2,r2,0.4608240882186,5
