,Model,Metric,Value,run
0,lstm2,mae,2.9420900788567512,6
1,lstm2,mad,2.7927785,6
2,lstm2,r2,-9.200593705527282e-05,6
