,Model,Metric,Value,run
0,lstm1,mae,1.904852521319295,5
1,lstm1,mad,1.4979207329711914,5
2,lstm1,r2,0.49447682149487937,5
