,Model,Metric,Value,run
0,lstm1v0,mae,3.0146647750711963,0
1,lstm1v0,mad,2.7351647547912594,0
2,lstm1v0,r2,-0.014377887811406698,0
