,Model,Metric,Value,run
0,lstm1,mae,1.9250447133427713,2
1,lstm1,mad,1.5514590323486335,2
2,lstm1,r2,0.5113512928970599,2
