,Model,Metric,Value,run
0,lstm2,mae,2.9731509540026315,5
1,lstm2,mad,2.8120005,5
2,lstm2,r2,-0.03511719849586914,5
