,Model,Metric,Value,run
0,lstm_fcn,mae,2.5322115403791154,7
1,lstm_fcn,mad,1.9484320839233398,7
2,lstm_fcn,r2,0.16156060695546248,7
