,Model,Metric,Value,run
0,lstm2,mae,2.961833070767749,7
1,lstm2,mad,2.4042038306884765,7
2,lstm2,r2,-0.03587369688617459,7
