,Model,Metric,Value,run
0,lstm_fcn,mae,2.3807199787974933,1
1,lstm_fcn,mad,1.9216381542358398,1
2,lstm_fcn,r2,0.22872776468837408,1
