,Model,Metric,Value,run
0,lstm2,mae,3.069517607861194,7
1,lstm2,mad,2.8283399759521486,7
2,lstm2,r2,-4.100560354203253e-05,7
