,Model,Metric,Value,run
0,lstm2,mae,1.824467237682049,1
1,lstm2,mad,1.537666409790039,1
2,lstm2,r2,0.5572060245766022,1
