,Model,Metric,Value,run
0,lstm1v0,mae,1.8201551965671579,2
1,lstm1v0,mad,1.555917317443848,2
2,lstm1v0,r2,0.5698527239119346,2
