,Model,Metric,Value,run
0,lstm2,mae,2.0637129712063293,3
1,lstm2,mad,1.6826761944580078,3
2,lstm2,r2,0.4190852401374703,3
