,Model,Metric,Value,run
0,lstm1v0,mae,2.769331350378519,4
1,lstm1v0,mad,2.391457884185791,4
2,lstm1v0,r2,-0.003076398269214131,4
