,Model,Metric,Value,run
0,lstm1v0,mae,2.867915284956712,1
1,lstm1v0,mad,2.33487735144043,1
2,lstm1v0,r2,-0.0011115969769264211,1
