,Model,Metric,Value,run
0,lstm1,mae,2.201730928770715,9
1,lstm1,mad,1.8912507781372065,9
2,lstm1,r2,0.376954563186484,9
