,Model,Metric,Value,run
0,lstm1v0,mae,1.9890829066584657,3
1,lstm1v0,mad,1.5923846885986328,3
2,lstm1v0,r2,0.4522238434921101,3
