,Model,Metric,Value,run
0,lstm1,mae,3.016122668002621,0
1,lstm1,mad,2.726209720611572,0
2,lstm1,r2,-0.012687994083304899,0
