,Model,Metric,Value,run
0,lstm2,mae,2.895456258707067,3
1,lstm2,mad,2.397968732849121,3
2,lstm2,r2,-0.012038798494224734,3
