,Model,Metric,Value,run
0,lstm1v0,mae,3.007908946113335,0
1,lstm1v0,mad,2.635393847564697,0
2,lstm1v0,r2,-0.025642520836392846,0
