,Model,Metric,Value,run
0,lstm2,mae,2.958667272025475,7
1,lstm2,mad,2.301720863769531,7
2,lstm2,r2,-0.07942297441725099,7
