,Model,Metric,Value,run
0,lstm2,mae,2.976723154800582,5
1,lstm2,mad,2.8232198744506833,5
2,lstm2,r2,-0.03637632589031248,5
