,Model,Metric,Value,run
0,lstm1,mae,1.7149338903938542,1
1,lstm1,mad,1.439232866821289,1
2,lstm1,r2,0.6307447289959209,1
