,Model,Metric,Value,run
0,lstm1v0,mae,1.788390813539861,1
1,lstm1v0,mad,1.388206108459472,1
2,lstm1v0,r2,0.581167203880687,1
