,Model,Metric,Value,run
0,lstm1,mae,2.9919401297942785,8
1,lstm1,mad,2.6472446105651852,8
2,lstm1,r2,-0.02016377629227928,8
