,Model,Metric,Value,run
0,lstm1,mae,3.036195561508682,0
1,lstm1,mad,2.7518531565551765,0
2,lstm1,r2,-0.0014565755556437132,0
