,Model,Metric,Value,run
0,lstm1,mae,3.023328452558915,5
1,lstm1,mad,2.8927282453918455,5
2,lstm1,r2,-0.05384332099471423,5
