,Model,Metric,Value,run
0,lstm_fcn,mae,2.8490555545525185,3
1,lstm_fcn,mad,2.095641716033936,3
2,lstm_fcn,r2,-0.13730238800659644,3
