,Model,Metric,Value,run
0,lstm1v0,mae,2.1476942063650615,0
1,lstm1v0,mad,1.8713472675476073,0
2,lstm1v0,r2,0.49234002916635244,0
