,Model,Metric,Value,run
0,lstm1,mae,1.788840308791695,4
1,lstm1,mad,1.576922158294678,4
2,lstm1,r2,0.5786471594496413,4
