,Model,Metric,Value,run
0,lstm1,mae,3.0427420039952873,8
1,lstm1,mad,2.778636361022949,8
2,lstm1,r2,-0.0007639331749571543,8
