,Model,Metric,Value,run
0,lstm2,mae,2.937611714738112,3
1,lstm2,mad,2.6128532489013674,3
2,lstm2,r2,-0.00035939171080312526,3
