,Model,Metric,Value,run
0,lstm1v0,mae,2.183202478209778,2
1,lstm1v0,mad,1.748337428070068,2
2,lstm1v0,r2,0.34348801764168335,2
