,Model,Metric,Value,run
0,lstm_fcn,mae,2.338703873784453,8
1,lstm_fcn,mad,2.065224416687012,8
2,lstm_fcn,r2,0.3276422122887529,8
