,Model,Metric,Value,run
0,lstm_fcn,mae,2.398386775955326,4
1,lstm_fcn,mad,1.935066305175781,4
2,lstm_fcn,r2,0.19077781467289168,4
