,Model,Metric,Value,run
0,lstm1v0,mae,2.956775416401622,9
1,lstm1v0,mad,2.726865608642578,9
2,lstm1v0,r2,-0.013025393920416573,9
