,Model,Metric,Value,run
0,lstm2,mae,2.0988269346949817,7
1,lstm2,mad,1.7312724553985595,7
2,lstm2,r2,0.4939767726956512,7
