,Model,Metric,Value,run
0,lstm2,mae,2.9133359390335922,2
1,lstm2,mad,2.5100175106201164,2
2,lstm2,r2,-0.002125386496026005,2
