,Model,Metric,Value,run
0,lstm1,mae,3.010419200159094,6
1,lstm1,mad,2.9266729927368162,6
2,lstm1,r2,-0.011761229659860817,6
