,Model,Metric,Value,run
0,lstm2,mae,1.7639843608499883,1
1,lstm2,mad,1.3744767557220463,1
2,lstm2,r2,0.5620427965714774,1
