,Model,Metric,Value,run
0,lstm_fcn,mae,2.0907584359974702,1
1,lstm_fcn,mad,1.685804148742676,1
2,lstm_fcn,r2,0.4232253530082657,1
