,Model,Metric,Value,run
0,lstm1v0,mae,2.3061564270383395,1
1,lstm1v0,mad,1.9559937665710452,1
2,lstm1v0,r2,0.34157477494174193,1
