,Model,Metric,Value,run
0,lstm2,mae,3.031834154836634,0
1,lstm2,mad,2.7445239999999993,0
2,lstm2,r2,-0.0024774126643971606,0
