,Model,Metric,Value,run
0,lstm1v0,mae,2.9030332788394464,7
1,lstm1v0,mad,2.578130278045654,7
2,lstm1v0,r2,0.10648276711066929,7
