,Model,Metric,Value,run
0,lstm1,mae,3.3769098800020325,6
1,lstm1,mad,3.179290992767334,6
2,lstm1,r2,-0.1806014853257425,6
