,Model,Metric,Value,run
0,lstm1v0,mae,1.8598142121457113,4
1,lstm1v0,mad,1.4475257470397942,4
2,lstm1v0,r2,0.47946102419067405,4
