,Model,Metric,Value,run
0,lstm1,mae,2.9122660939228773,2
1,lstm1,mad,2.5039925,2
2,lstm1,r2,-0.0023842900834918357,2
