,Model,Metric,Value,run
0,lstm2,mae,1.9589056431274414,6
1,lstm2,mad,1.5438627142028807,6
2,lstm2,r2,0.5031746923184763,6
