,Model,Metric,Value,run
0,lstm2,mae,3.2010286662827374,2
1,lstm2,mad,3.104704880187988,2
2,lstm2,r2,-0.08648294536624412,2
