,Model,Metric,Value,run
0,lstm1,mae,1.8920528642276302,4
1,lstm1,mad,1.4963441482238773,4
2,lstm1,r2,0.4844309905661873,4
