,Model,Metric,Value,run
0,lstm1,mae,1.8316055316236726,3
1,lstm1,mad,1.3693000707702643,3
2,lstm1,r2,0.5137253762728364,3
