,Model,Metric,Value,run
0,lstm1,mae,3.05687206093807,6
1,lstm1,mad,3.0171057420349126,6
2,lstm1,r2,-0.02598807050751417,6
