,Model,Metric,Value,run
0,lstm2,mae,1.8771007262745951,4
1,lstm2,mad,1.5763872742309566,4
2,lstm2,r2,0.5053912488942042,4
