,Model,Metric,Value,run
0,lstm1,mae,2.9540736785134123,7
1,lstm1,mad,2.396584240325928,7
2,lstm1,r2,-0.053015379897776826,7
