,Model,Metric,Value,run
0,lstm1v0,mae,2.8691944892511057,9
1,lstm1v0,mad,2.5176657841491696,9
2,lstm1v0,r2,-0.01759670936815705,9
