,Model,Metric,Value,run
0,lstm1v0,mae,2.897614048804482,4
1,lstm1v0,mad,2.710376131622315,4
2,lstm1v0,r2,-0.026743032807310163,4
