,Model,Metric,Value,run
0,lstm1v0,mae,2.879457830792941,9
1,lstm1v0,mad,2.605369758514404,9
2,lstm1v0,r2,-0.009083369402661967,9
