,Model,Metric,Value,run
0,lstm2,mae,2.108056531996507,8
1,lstm2,mad,1.7630067796936038,8
2,lstm2,r2,0.4561657503877955,8
