,Model,Metric,Value,run
0,lstm2,mae,2.884921850822197,9
1,lstm2,mad,2.605093146209717,9
2,lstm2,r2,-0.004841036738414184,9
