,Model,Metric,Value,run
0,lstm1v0,mae,2.9964013607065385,7
1,lstm1v0,mad,2.566065014770508,7
2,lstm1v0,r2,-0.010718740540685223,7
