,Model,Metric,Value,run
0,lstm2,mae,3.014857130927285,0
1,lstm2,mad,2.5065449153442385,0
2,lstm2,r2,-0.09274431432455787,0
