,Model,Metric,Value,run
0,lstm2,mae,2.9965871521913297,6
1,lstm2,mad,2.8898054095458985,6
2,lstm2,r2,-0.008264345370386561,6
