,Model,Metric,Value,run
0,lstm1,mae,2.941664508930751,3
1,lstm1,mad,2.6304079344482423,3
2,lstm1,r2,-0.00013167669740932197,3
