,Model,Metric,Value,run
0,lstm_fcn,mae,2.513583603756663,5
1,lstm_fcn,mad,1.9672355090942375,5
2,lstm_fcn,r2,0.1400236759288367,5
