,Model,Metric,Value,run
0,lstm1,mae,3.0037616927698156,0
1,lstm1,mad,2.585866621398926,0
2,lstm1,r2,-0.03925150482135731,0
