,Model,Metric,Value,run
0,lstm2,mae,2.9970792282780243,8
1,lstm2,mad,2.7050582797546388,8
2,lstm2,r2,-0.012573801660810346,8
