,Model,Metric,Value,run
0,lstm2,mae,2.3293528653629845,5
1,lstm2,mad,1.9156965819091796,5
2,lstm2,r2,0.2629139548621796,5
