,Model,Metric,Value,run
0,lstm1,mae,1.7794926761283454,8
1,lstm1,mad,1.3967568712158203,8
2,lstm1,r2,0.60843724116247,8
