,Model,Metric,Value,run
0,lstm1v0,mae,2.939470223703741,9
1,lstm1v0,mad,2.73120541293335,9
2,lstm1v0,r2,-0.0064060522854823,9
