,Model,Metric,Value,run
0,lstm1v0,mae,1.8023014585884012,4
1,lstm1v0,mad,1.3765734691467286,4
2,lstm1v0,r2,0.5210037527093205,4
