,Model,Metric,Value,run
0,lstm2,mae,1.8705230154561474,5
1,lstm2,mad,1.489332468795777,5
2,lstm2,r2,0.4984723314166478,5
