,Model,Metric,Value,run
0,lstm2,mae,2.884985616002177,9
1,lstm2,mad,2.6059185513305665,9
2,lstm2,r2,-0.004808919556370306,9
