,Model,Metric,Value,run
0,lstm1,mae,3.104535609526917,6
1,lstm1,mad,3.1211609440917973,6
2,lstm1,r2,-0.043089941994831404,6
