,Model,Metric,Value,run
0,lstm1v0,mae,1.9111634138786402,0
1,lstm1v0,mad,1.6052065875549313,0
2,lstm1v0,r2,0.5745941481021408,0
