,Model,Metric,Value,run
0,lstm1v0,mae,1.9537158931520064,3
1,lstm1v0,mad,1.472907250396728,3
2,lstm1v0,r2,0.46211137600313923,3
