,Model,Metric,Value,run
0,lstm2,mae,2.899121334086492,6
1,lstm2,mad,2.5862914338378906,6
2,lstm2,r2,-0.0066001750555626515,6
