,Model,Metric,Value,run
0,lstm1,mae,1.949776283476358,1
1,lstm1,mad,1.6037944157409667,1
2,lstm1,r2,0.4795007175607042,1
