,Model,Metric,Value,run
0,lstm1v0,mae,3.0289780242282736,0
1,lstm1v0,mad,2.7471352463989254,0
2,lstm1v0,r2,-0.0034484449062488487,0
