,Model,Metric,Value,run
0,lstm1,mae,2.9124193682653403,5
1,lstm1,mad,2.688646460021973,5
2,lstm1,r2,-0.01620067902862976,5
