,Model,Metric,Value,run
0,lstm1v0,mae,1.8823762564043318,0
1,lstm1v0,mad,1.6360285614013668,0
2,lstm1v0,r2,0.5816490525071647,0
