,Model,Metric,Value,run
0,lstm_fcn,mae,2.226287217549041,4
1,lstm_fcn,mad,1.950795621673584,4
2,lstm_fcn,r2,0.35110289964566765,4
