,Model,Metric,Value,run
0,lstm2,mae,3.1484011239172967,5
1,lstm2,mad,3.045430582092285,5
2,lstm2,r2,-0.10993035572237675,5
