,Model,Metric,Value,run
0,lstm2,mae,3.0029315948139232,0
1,lstm2,mad,2.547279277954102,0
2,lstm2,r2,-0.04663006814358672,0
