,Model,Metric,Value,run
0,lstm_fcn,mae,2.7508312757378883,4
1,lstm_fcn,mad,2.3111788130493163,4
2,lstm_fcn,r2,-0.02633389688384291,4
