,Model,Metric,Value,run
0,lstm_fcn,mae,2.6898748791334555,4
1,lstm_fcn,mad,1.9871988537597662,4
2,lstm_fcn,r2,-0.49823466645565384,4
