,Model,Metric,Value,run
0,lstm2,mae,2.916924886037135,2
1,lstm2,mad,2.520493760803223,2
2,lstm2,r2,-0.001388269291042743,2
