,Model,Metric,Value,run
0,lstm1v0,mae,2.888058711587591,2
1,lstm1v0,mad,2.4444684894104003,2
2,lstm1v0,r2,-0.018034051156135433,2
