,Model,Metric,Value,run
0,lstm1,mae,2.7570032687574115,4
1,lstm1,mad,2.3315416365356443,4
2,lstm1,r2,-0.011693999491864115,4
