,Model,Metric,Value,run
0,lstm1,mae,1.8848486386959367,0
1,lstm1,mad,1.6082001138610842,0
2,lstm1,r2,0.5741628347272572,0
