,Model,Metric,Value,run
0,lstm2,mae,2.988378677596543,8
1,lstm2,mad,2.638071744049072,8
2,lstm2,r2,-0.027029332229660197,8
