,Model,Metric,Value,run
0,lstm1,mae,2.989633178622738,7
1,lstm1,mad,2.530785699645996,7
2,lstm1,r2,-0.013535772408564739,7
