,Model,Metric,Value,run
0,lstm1,mae,2.9800781237060203,1
1,lstm1,mad,2.6148847085266116,1
2,lstm1,r2,-0.02917336684720695,1
