,Model,Metric,Value,run
0,lstm2,mae,3.260187285858657,3
1,lstm2,mad,3.1498196833801266,3
2,lstm2,r2,-0.1168720591707717,3
