,Model,Metric,Value,run
0,lstm2,mae,2.766430239048214,4
1,lstm2,mad,2.360527996429443,4
2,lstm2,r2,-0.004240538261061522,4
