,Model,Metric,Value,run
0,lstm1v0,mae,1.7610516339175044,6
1,lstm1v0,mad,1.447631322235107,6
2,lstm1v0,r2,0.5920751606578829,6
