,Model,Metric,Value,run
0,lstm2,mae,3.0560074852481045,0
1,lstm2,mad,2.813292752380371,0
2,lstm2,r2,-2.6782810233827448e-05,0
