,Model,Metric,Value,run
0,lstm2,mae,3.015105218026297,0
1,lstm2,mad,2.7351699999999997,0
2,lstm2,r2,-0.013857963817142105,0
