,Model,Metric,Value,run
0,lstm2,mae,3.010027504787403,0
1,lstm2,mad,2.6598229536743165,0
2,lstm2,r2,-0.02161426924268639,0
