,Model,Metric,Value,run
0,lstm2,mae,2.1975157573953146,5
1,lstm2,mad,1.6847868681335445,5
2,lstm2,r2,0.342922679806527,5
