,Model,Metric,Value,run
0,lstm2,mae,2.1005099337010646,7
1,lstm2,mad,1.7273366813964843,7
2,lstm2,r2,0.47441142783603485,7
