,Model,Metric,Value,run
0,lstm2,mae,1.6561522849729768,1
1,lstm2,mad,1.2948765132141107,1
2,lstm2,r2,0.6370489224000109,1
