,Model,Metric,Value,run
0,lstm2,mae,2.916588191843725,2
1,lstm2,mad,2.52341105053711,2
2,lstm2,r2,-0.0014490902669348493,2
