,Model,Metric,Value,run
0,lstm1v0,mae,2.991812278459486,3
1,lstm1v0,mad,2.7638290287475584,3
2,lstm1v0,r2,-0.004546409925289208,3
