,Model,Metric,Value,run
0,lstm_fcn,mae,2.167025756190793,8
1,lstm_fcn,mad,1.8211841556701653,8
2,lstm_fcn,r2,0.44460745331829044,8
