,Model,Metric,Value,run
0,lstm1v0,mae,1.947080800077585,3
1,lstm1v0,mad,1.6617548419494632,3
2,lstm1v0,r2,0.5004770040586884,3
