,Model,Metric,Value,run
0,lstm2,mae,2.9618992869589666,5
1,lstm2,mad,2.782789880432129,5
2,lstm2,r2,-0.031237090178255045,5
