,Model,Metric,Value,run
0,lstm2,mae,1.968316345951793,4
1,lstm2,mad,1.581634667358398,4
2,lstm2,r2,0.4378923125958868,4
