,Model,Metric,Value,run
0,lstm1,mae,3.018563450696337,0
1,lstm1,mad,2.7416675368041994,0
2,lstm1,r2,-0.010112315418481232,0
