,Model,Metric,Value,run
0,lstm2,mae,2.9237978706673426,9
1,lstm2,mad,2.2877223644714353,9
2,lstm2,r2,-0.1388200814790903,9
