,Model,Metric,Value,run
0,lstm1,mae,2.991907068619445,5
1,lstm1,mad,2.8289478170166023,5
2,lstm1,r2,-0.04181072508998329,5
