,Model,Metric,Value,run
0,lstm2,mae,3.0235497784244414,7
1,lstm2,mad,2.7191852423095706,7
2,lstm2,r2,-0.003213226751647813,7
