,Model,Metric,Value,run
0,lstm1v0,mae,2.9767597970581057,3
1,lstm1v0,mad,2.7449804999999996,3
2,lstm1v0,r2,-0.002071143477245352,3
