,Model,Metric,Value,run
0,lstm1v0,mae,3.0823430118765365,5
1,lstm1v0,mad,2.9134339230957025,5
2,lstm1v0,r2,-0.07905966657713459,5
