,Model,Metric,Value,run
0,lstm2,mae,2.160111858559577,5
1,lstm2,mad,1.815796478363037,5
2,lstm2,r2,0.3894054867358483,5
