,Model,Metric,Value,run
0,lstm1v0,mae,2.386686191814297,2
1,lstm1v0,mad,2.0107163041076657,2
2,lstm1v0,r2,0.2833538419402636,2
