,Model,Metric,Value,run
0,lstm2,mae,2.95663593172765,3
1,lstm2,mad,2.6765850926818846,3
2,lstm2,r2,-0.00018978436191874337,3
