,Model,Metric,Value,run
0,lstm_fcn,mae,2.4313337639601573,7
1,lstm_fcn,mad,1.8927405462951659,7
2,lstm_fcn,r2,0.25631938156829626,7
