,Model,Metric,Value,run
0,lstm1v0,mae,2.7541301027500027,5
1,lstm1v0,mad,2.2616657479248046,5
2,lstm1v0,r2,-0.007495184996086035,5
