,Model,Metric,Value,run
0,lstm1,mae,3.009962901077941,7
1,lstm1,mad,2.6448057412109374,7
2,lstm1,r2,-0.006067088087752914,7
