,Model,Metric,Value,run
0,lstm2,mae,2.896170151817238,2
1,lstm2,mad,2.4968663378601077,2
2,lstm2,r2,-0.009431945204365189,2
