,Model,Metric,Value,run
0,lstm2,mae,1.9466863209636813,4
1,lstm2,mad,1.6090236784057623,4
2,lstm2,r2,0.4373568851843871,4
