,Model,Metric,Value,run
0,lstm2,mae,2.9983564497061934,8
1,lstm2,mad,2.7268362779541016,8
2,lstm2,r2,-0.011032150380211103,8
