,Model,Metric,Value,run
0,lstm2,mae,2.039920995392935,2
1,lstm2,mad,1.6337035998535159,2
2,lstm2,r2,0.4421549274065478,2
