,Model,Metric,Value,run
0,lstm_fcn,mae,2.5840698009551333,5
1,lstm_fcn,mad,1.8271030340576173,5
2,lstm_fcn,r2,-0.31311882996154794,5
