,Model,Metric,Value,run
0,lstm1,mae,1.8987481538547892,9
1,lstm1,mad,1.5569093266906737,9
2,lstm1,r2,0.5484251142875829,9
