,Model,Metric,Value,run
0,lstm1v0,mae,3.144796363978459,5
1,lstm1v0,mad,3.036162298248291,5
2,lstm1v0,r2,-0.10817544925281841,5
