,Model,Metric,Value,run
0,lstm1v0,mae,2.0364195161216654,5
1,lstm1v0,mad,1.63505575138855,5
2,lstm1v0,r2,0.42267008368053927,5
