,Model,Metric,Value,run
0,lstm1,mae,2.8387775396208705,1
1,lstm1,mad,2.3553057259826655,1
2,lstm1,r2,-0.0007659870559673099,1
