,Model,Metric,Value,run
0,lstm1v0,mae,2.355583813523848,6
1,lstm1v0,mad,2.1949978609008793,6
2,lstm1v0,r2,0.36341866647300236,6
