,Model,Metric,Value,run
0,lstm1,mae,3.2675445521010515,3
1,lstm1,mad,3.159814315704346,3
2,lstm1,r2,-0.12256331427361222,3
