,Model,Metric,Value,run
0,lstm2,mae,2.885261630655142,2
1,lstm2,mad,2.4118185,2
2,lstm2,r2,-0.03126790212739938,2
