,Model,Metric,Value,run
0,lstm1,mae,2.362024347088908,2
1,lstm1,mad,1.9719587696228023,2
2,lstm1,r2,0.32564159398496495,2
