,Model,Metric,Value,run
0,lstm1v0,mae,1.807663362068344,7
1,lstm1v0,mad,1.348517029541016,7
2,lstm1v0,r2,0.5996255267428939,7
