,Model,Metric,Value,run
0,lstm1,mae,3.00319647993486,8
1,lstm1,mad,2.733975337860107,8
2,lstm1,r2,-0.00654692171069815,8
