,Model,Metric,Value,run
0,lstm_fcn,mae,2.6094196430635557,6
1,lstm_fcn,mad,1.9067152934417728,6
2,lstm_fcn,r2,0.03412332523025219,6
