,Model,Metric,Value,run
0,lstm1,mae,2.8097452594398247,4
1,lstm1,mad,2.505082498168945,4
2,lstm1,r2,-0.0012027476458269515,4
