,Model,Metric,Value,run
0,lstm1v0,mae,2.0843363704916986,8
1,lstm1v0,mad,1.7361753921203613,8
2,lstm1v0,r2,0.46555015873073935,8
