,Model,Metric,Value,run
0,lstm1,mae,1.8629826580781204,9
1,lstm1,mad,1.6422312544555666,9
2,lstm1,r2,0.5852056172450477,9
