,Model,Metric,Value,run
0,lstm1v0,mae,2.935635280193622,2
1,lstm1v0,mad,2.5148981512451174,2
2,lstm1v0,r2,-1.9902822954165345e-05,2
