,Model,Metric,Value,run
0,lstm2,mae,2.7742513930270016,4
1,lstm2,mad,2.401782944793701,4
2,lstm2,r2,-0.0016547924241121503,4
