,Model,Metric,Value,run
0,lstm2,mae,1.8024183337433366,0
1,lstm2,mad,1.4687769328613283,0
2,lstm2,r2,0.5890396601318739,0
