,Model,Metric,Value,run
0,lstm1,mae,1.8951147482985609,6
1,lstm1,mad,1.6162370748901367,6
2,lstm1,r2,0.5388877007942325,6
