,Model,Metric,Value,run
0,lstm1v0,mae,2.2113478812260046,6
1,lstm1v0,mad,1.8802829745178222,6
2,lstm1v0,r2,0.41729224739666393,6
