,Model,Metric,Value,run
0,lstm1v0,mae,1.8354048139261936,7
1,lstm1v0,mad,1.4406852945861814,7
2,lstm1v0,r2,0.5871076647425546,7
