,Model,Metric,Value,run
0,lstm_fcn,mae,2.2407198337541514,7
1,lstm_fcn,mad,1.6693959960327147,7
2,lstm_fcn,r2,0.40518592694529965,7
