,Model,Metric,Value,run
0,lstm_fcn,mae,2.2655067147264583,0
1,lstm_fcn,mad,1.8204394652709963,0
2,lstm_fcn,r2,0.260847566220229,0
