,Model,Metric,Value,run
0,lstm1v0,mae,2.1228242532092083,5
1,lstm1v0,mad,1.7549883109741211,5
2,lstm1v0,r2,0.3847027949115952,5
