,Model,Metric,Value,run
0,lstm2,mae,1.9645344851466588,4
1,lstm2,mad,1.571298962615967,4
2,lstm2,r2,0.4390439976756899,4
