,Model,Metric,Value,run
0,lstm2,mae,1.986432464316651,4
1,lstm2,mad,1.7061347931365964,4
2,lstm2,r2,0.41497763281934674,4
