,Model,Metric,Value,run
0,lstm1v0,mae,1.9764600604660538,9
1,lstm1v0,mad,1.6951230166320803,9
2,lstm1v0,r2,0.4850093153662234,9
