,Model,Metric,Value,run
0,lstm1,mae,2.906693903706645,2
1,lstm1,mad,2.3069575731811525,2
2,lstm1,r2,-0.08669779620850049,2
