,Model,Metric,Value,run
0,lstm2,mae,3.1847354502600362,5
1,lstm2,mad,3.109575347045898,5
2,lstm2,r2,-0.12816221808725192,5
