,Model,Metric,Value,run
0,lstm1,mae,3.010100371793139,0
1,lstm1,mad,2.659910691711426,0
2,lstm1,r2,-0.02147241619665352,0
