,Model,Metric,Value,run
0,lstm_fcn,mae,2.3148168107839733,9
1,lstm_fcn,mad,1.8971295915069581,9
2,lstm_fcn,r2,0.25692301993754507,9
