,Model,Metric,Value,run
0,lstm2,mae,3.020608243830587,8
1,lstm2,mad,2.7650692121887204,8
2,lstm2,r2,-0.0005117409708748077,8
