,Model,Metric,Value,run
0,lstm2,mae,2.904694483551696,4
1,lstm2,mad,2.7023073013000483,4
2,lstm2,r2,-0.029806648719821638,4
