,Model,Metric,Value,run
0,lstm_fcn,mae,1.7995651391995604,4
1,lstm_fcn,mad,1.5988096982421878,4
2,lstm_fcn,r2,0.5793790045699316,4
