,Model,Metric,Value,run
0,lstm1v0,mae,2.1754684474966863,4
1,lstm1v0,mad,1.8140779068298336,4
2,lstm1v0,r2,0.3760604353401773,4
