,Model,Metric,Value,run
0,lstm2,mae,3.0116825461499563,6
1,lstm2,mad,2.932238,6
2,lstm2,r2,-0.012105718817402744,6
