,Model,Metric,Value,run
0,lstm_fcn,mae,2.7930936597595215,3
1,lstm_fcn,mad,2.3496783160095216,3
2,lstm_fcn,r2,0.03009944843384771,3
