,Model,Metric,Value,run
0,lstm1v0,mae,2.8453943287573176,5
1,lstm1v0,mad,2.524584930511475,5
2,lstm1v0,r2,-0.0027038415391988924,5
