,Model,Metric,Value,run
0,lstm1v0,mae,2.106620297309624,4
1,lstm1v0,mad,1.7586009801940916,4
2,lstm1v0,r2,0.3728327564180913,4
