,Model,Metric,Value,run
0,lstm2,mae,2.8897867061690445,6
1,lstm2,mad,2.610524575195312,6
2,lstm2,r2,0.014968013144364356,6
