,Model,Metric,Value,run
0,lstm1v0,mae,2.363912060552073,1
1,lstm1v0,mad,1.9339258764038085,1
2,lstm1v0,r2,0.3108883823979113,1
