,Model,Metric,Value,run
0,lstm1v0,mae,2.262421017657269,6
1,lstm1v0,mad,1.9510085178222658,6
2,lstm1v0,r2,0.3977015039810017,6
