,Model,Metric,Value,run
0,lstm1,mae,1.6381739542615281,5
1,lstm1,mad,1.2310785898742678,5
2,lstm1,r2,0.6033166439892614,5
