,Model,Metric,Value,run
0,lstm2,mae,1.6256439836382184,1
1,lstm2,mad,1.2426002640075682,1
2,lstm2,r2,0.6471687398508481,1
