,Model,Metric,Value,run
0,lstm1v0,mae,2.886367690466912,2
1,lstm1v0,mad,2.3995371006469726,2
2,lstm1v0,r2,-0.021861264452198048,2
