,Model,Metric,Value,run
0,lstm2,mae,1.8537605789560172,7
1,lstm2,mad,1.5120667407531743,7
2,lstm2,r2,0.5631992826448289,7
