,Model,Metric,Value,run
0,lstm1,mae,2.9217543358053684,2
1,lstm1,mad,2.517543019927979,2
2,lstm1,r2,-0.0006809713363584713,2
