,Model,Metric,Value,run
0,lstm2,mae,2.960755512943812,1
1,lstm2,mad,2.5772154870605473,1
2,lstm2,r2,-0.023384465685435396,1
