,Model,Metric,Value,run
0,lstm1v0,mae,2.0631326292574537,3
1,lstm1v0,mad,1.654092235565186,3
2,lstm1v0,r2,0.40335448735060553,3
