,Model,Metric,Value,run
0,lstm2,mae,1.8901546429470188,2
1,lstm2,mad,1.3804843663330075,2
2,lstm2,r2,0.5081638174285579,2
