,Model,Metric,Value,run
0,lstm_fcn,mae,2.6949361607983766,7
1,lstm_fcn,mad,2.019394132598877,7
2,lstm_fcn,r2,0.05840768604049362,7
