,Model,Metric,Value,run
0,lstm2,mae,2.9925368496777875,7
1,lstm2,mad,2.551868577758789,7
2,lstm2,r2,-0.012284439612716413,7
