,Model,Metric,Value,run
0,lstm2,mae,3.2251851703434196,0
1,lstm2,mad,3.121532728515625,0
2,lstm2,r2,-0.049670804902171684,0
