,Model,Metric,Value,run
0,lstm1v0,mae,2.3931281826188644,2
1,lstm1v0,mad,2.091908809661865,2
2,lstm1v0,r2,0.2805228293734443,2
