,Model,Metric,Value,run
0,lstm_fcn,mae,2.433335727799468,5
1,lstm_fcn,mad,1.9921197740783692,5
2,lstm_fcn,r2,0.015371078232373603,5
