,Model,Metric,Value,run
0,lstm2,mae,2.9939713858134516,6
1,lstm2,mad,2.87709912979126,6
2,lstm2,r2,-0.007616630178924222,6
