,Model,Metric,Value,run
0,lstm1v0,mae,1.776608075697511,5
1,lstm1v0,mad,1.4250027882843015,5
2,lstm1v0,r2,0.5706789114563665,5
