,Model,Metric,Value,run
0,lstm1,mae,2.8743259911591243,9
1,lstm1,mad,2.462355930511474,9
2,lstm1,r2,-0.0599893808279206,9
