,Model,Metric,Value,run
0,lstm_fcn,mae,3.084778915628538,8
1,lstm_fcn,mad,2.2312579973144535,8
2,lstm_fcn,r2,-0.3925592935900384,8
