,Model,Metric,Value,run
0,lstm1v0,mae,2.9905156547636937,8
1,lstm1v0,mad,2.6450182291259763,8
2,lstm1v0,r2,-0.02277039738731612,8
