,Model,Metric,Value,run
0,lstm1,mae,1.8050678450632622,9
1,lstm1,mad,1.5922706681213379,9
2,lstm1,r2,0.5780683028347573,9
