,Model,Metric,Value,run
0,lstm1,mae,2.9373593962125675,5
1,lstm1,mad,2.769201019165039,5
2,lstm1,r2,-0.023354841486781686,5
