,Model,Metric,Value,run
0,lstm_fcn,mae,2.7203434585123585,5
1,lstm_fcn,mad,1.8494143505859375,5
2,lstm_fcn,r2,-0.6180121011701383,5
