,Model,Metric,Value,run
0,lstm1v0,mae,1.8092036412926975,1
1,lstm1v0,mad,1.4175944407806398,1
2,lstm1v0,r2,0.5700782274229768,1
