,Model,Metric,Value,run
0,lstm1v0,mae,3.0244004394516155,0
1,lstm1v0,mad,2.7405763226928705,0
2,lstm1v0,r2,-0.005628955328119911,0
