,Model,Metric,Value,run
0,lstm1v0,mae,2.2504375472747467,9
1,lstm1v0,mad,1.978287129302978,9
2,lstm1v0,r2,0.38750428722597574,9
