,Model,Metric,Value,run
0,lstm2,mae,2.8519623200683593,1
1,lstm2,mad,2.3556355,1
2,lstm2,r2,-1.0129269476077951e-05,1
