,Model,Metric,Value,run
0,lstm2,mae,2.110094115700355,8
1,lstm2,mad,1.8046425267028816,8
2,lstm2,r2,0.4604483557891864,8
