,Model,Metric,Value,run
0,lstm1,mae,1.8402266850599351,7
1,lstm1,mad,1.5109931707000728,7
2,lstm1,r2,0.5856355722505908,7
