,Model,Metric,Value,run
0,lstm2,mae,1.9646721665349267,5
1,lstm2,mad,1.6231777805633554,5
2,lstm2,r2,0.4770797717883344,5
