,Model,Metric,Value,run
0,lstm1v0,mae,2.9288445099539286,5
1,lstm1v0,mad,2.7483750824584963,5
2,lstm1v0,r2,-0.020806749973933503,5
