,Model,Metric,Value,run
0,lstm_fcn,mae,3.1080601035339015,1
1,lstm_fcn,mad,2.88767561126709,1
2,lstm_fcn,r2,-0.0715136970746808,1
