,Model,Metric,Value,run
0,lstm2,mae,1.7832397405968972,8
1,lstm2,mad,1.4755636551208502,8
2,lstm2,r2,0.6108592273232161,8
