,Model,Metric,Value,run
0,lstm2,mae,2.280523983074482,7
1,lstm2,mad,1.870705803894043,7
2,lstm2,r2,0.39848199659620764,7
