,Model,Metric,Value,run
0,lstm1,mae,2.8013004903520855,1
1,lstm1,mad,2.238421,1
2,lstm1,r2,-0.041796381271401506,1
