,Model,Metric,Value,run
0,lstm1,mae,3.0337469385848834,7
1,lstm1,mad,2.758730337860107,7
2,lstm1,r2,-0.0017663270027790112,7
