,Model,Metric,Value,run
0,lstm2,mae,2.069122376704038,4
1,lstm2,mad,1.7033100038604738,4
2,lstm2,r2,0.3991855866426378,4
