,Model,Metric,Value,run
0,lstm1,mae,2.851771163387592,1
1,lstm1,mad,2.3553265095214844,1
2,lstm1,r2,-7.688060189359192e-06,1
