,Model,Metric,Value,run
0,lstm1v0,mae,2.9214460066008514,6
1,lstm1v0,mad,2.7313214381103514,6
2,lstm1v0,r2,-0.0008731909453247866,6
