,Model,Metric,Value,run
0,lstm1v0,mae,3.0479365179451743,0
1,lstm1v0,mad,2.8131236238098145,0
2,lstm1v0,r2,-0.00010768201794997267,0
