,Model,Metric,Value,run
0,lstm1v0,mae,1.9679188475003921,2
1,lstm1v0,mad,1.637725269226074,2
2,lstm1v0,r2,0.4899489333586903,2
