,Model,Metric,Value,run
0,lstm1v0,mae,2.982412941446157,5
1,lstm1v0,mad,2.841407874176025,5
2,lstm1v0,r2,-0.038388684141595464,5
