,Model,Metric,Value,run
0,lstm1v0,mae,1.8494138628030297,4
1,lstm1v0,mad,1.4711482210388183,4
2,lstm1v0,r2,0.5032090182063327,4
