,Model,Metric,Value,run
0,lstm1v0,mae,2.996543797789019,8
1,lstm1v0,mad,2.6942831904907227,8
2,lstm1v0,r2,-0.013246412241600725,8
