,Model,Metric,Value,run
0,lstm1,mae,2.986958925056038,2
1,lstm1,mad,2.7439344194946296,2
2,lstm1,r2,-0.006981977689786367,2
