,Model,Metric,Value,run
0,lstm1,mae,1.8353725362306532,0
1,lstm1,mad,1.4893587480773927,0
2,lstm1,r2,0.5990243326873304,0
