,Model,Metric,Value,run
0,lstm1,mae,1.8942792712544034,3
1,lstm1,mad,1.5120867295074465,3
2,lstm1,r2,0.5204900649598254,3
