,Model,Metric,Value,run
0,lstm1,mae,3.1883291469052493,3
1,lstm1,mad,3.015058433624268,3
2,lstm1,r2,-0.07865972451355585,3
