,Model,Metric,Value,run
0,lstm1v0,mae,3.001088147390513,9
1,lstm1v0,mad,2.856208468200684,9
2,lstm1v0,r2,-0.032341055199992974,9
