,Model,Metric,Value,run
0,lstm1v0,mae,2.134331928018591,3
1,lstm1v0,mad,1.7904198381042482,3
2,lstm1v0,r2,0.41194103846317176,3
