,Model,Metric,Value,run
0,lstm_fcn,mae,2.4520714307930915,4
1,lstm_fcn,mad,1.8204322009582516,4
2,lstm_fcn,r2,-0.09110247271107319,4
