,Model,Metric,Value,run
0,lstm1,mae,3.05292374010392,5
1,lstm1,mad,2.880163907348633,5
2,lstm1,r2,-0.06611777690626375,5
