,Model,Metric,Value,run
0,lstm1,mae,2.2968373257762362,5
1,lstm1,mad,1.797880429473877,5
2,lstm1,r2,0.266902933761191,5
