,Model,Metric,Value,run
0,lstm1v0,mae,2.351914076638023,8
1,lstm1v0,mad,2.071437735748291,8
2,lstm1v0,r2,0.36115773442352717,8
