,Model,Metric,Value,run
0,lstm1,mae,2.932174031921554,2
1,lstm1,mad,2.5066179305114744,2
2,lstm1,r2,-1.0523055998579167e-05,2
