,Model,Metric,Value,run
0,lstm1,mae,2.8808664444380545,9
1,lstm1,mad,2.616928946380615,9
2,lstm1,r2,-0.007659757114437671,9
