,Model,Metric,Value,run
0,lstm1v0,mae,2.2492266462207,0
1,lstm1v0,mad,1.7655940283508298,0
2,lstm1v0,r2,0.39087521816098514,0
