,Model,Metric,Value,run
0,lstm2,mae,2.7550913441492435,4
1,lstm2,mad,2.3276713898315426,4
2,lstm2,r2,-0.02674548436602109,4
