,Model,Metric,Value,run
0,lstm1,mae,2.9883579194602548,8
1,lstm1,mad,2.6372105761413573,8
2,lstm1,r2,-0.027057530805199015,8
