,Model,Metric,Value,run
0,lstm1,mae,2.978892461691217,7
1,lstm1,mad,2.479527425048828,7
2,lstm1,r2,-0.019375165256412696,7
