,Model,Metric,Value,run
0,lstm1v0,mae,2.918414426870157,2
1,lstm1v0,mad,2.508049264648438,2
2,lstm1v0,r2,-0.0011409930179164807,2
