,Model,Metric,Value,run
0,lstm2,mae,3.0283166317004526,6
1,lstm2,mad,2.9667465,6
2,lstm2,r2,-0.016745180288160633,6
