,Model,Metric,Value,run
0,lstm2,mae,3.0207403436639804,0
1,lstm2,mad,2.757288125396729,0
2,lstm2,r2,-0.008125444995905395,0
