,Model,Metric,Value,run
0,lstm_fcn,mae,1.968569049576728,8
1,lstm_fcn,mad,1.7205662084655762,8
2,lstm_fcn,r2,0.5369093099393922,8
