,Model,Metric,Value,run
0,lstm1,mae,2.93038061586686,9
1,lstm1,mad,2.699578476837158,9
2,lstm1,r2,-0.003466818897722268,9
