,Model,Metric,Value,run
0,lstm_fcn,mae,2.9456148288624524,2
1,lstm_fcn,mad,2.4330089773101804,2
2,lstm_fcn,r2,-0.17994238983913702,2
