,Model,Metric,Value,run
0,lstm2,mae,2.9959368076664856,8
1,lstm2,mad,2.681985560180664,8
2,lstm2,r2,-0.014036141771892385,8
