,Model,Metric,Value,run
0,lstm1v0,mae,1.9283768510482284,3
1,lstm1v0,mad,1.5304728089141841,3
2,lstm1v0,r2,0.49289903910737265,3
