,Model,Metric,Value,run
0,lstm1,mae,2.9998119348531866,8
1,lstm1,mad,2.731203721374511,8
2,lstm1,r2,-0.009516655374756988,8
