,Model,Metric,Value,run
0,lstm1,mae,2.8970141282112203,6
1,lstm1,mad,2.5666586175231934,6
2,lstm1,r2,-0.007528138597095335,6
