,Model,Metric,Value,run
0,lstm1v0,mae,2.883942352889847,6
1,lstm1v0,mad,2.499871004119873,6
2,lstm1v0,r2,-0.019965186919106426,6
