,Model,Metric,Value,run
0,lstm2,mae,3.049597629816747,7
1,lstm2,mad,2.7628223083190915,7
2,lstm2,r2,-0.00038144685184460236,7
