,Model,Metric,Value,run
0,lstm2,mae,1.9272523116139844,4
1,lstm2,mad,1.5964845181274407,4
2,lstm2,r2,0.4813451884399351,4
