,Model,Metric,Value,run
0,lstm1v0,mae,2.9050336101292205,9
1,lstm1v0,mad,2.658173843383789,9
2,lstm1v0,r2,-1.2476748108447566e-05,9
