,Model,Metric,Value,run
0,lstm1,mae,1.6348819405713764,9
1,lstm1,mad,1.3702395643310545,9
2,lstm1,r2,0.6631050983381492,9
