,Model,Metric,Value,run
0,lstm1v0,mae,3.0206811811003638,7
1,lstm1v0,mad,2.7028559538269046,7
2,lstm1v0,r2,-0.0037258190663342905,7
