,Model,Metric,Value,run
0,lstm1v0,mae,3.083443138379443,9
1,lstm1v0,mad,2.977274245361328,9
2,lstm1v0,r2,-0.07494306303574949,9
