,Model,Metric,Value,run
0,lstm1v0,mae,2.9361612311225302,3
1,lstm1v0,mad,2.6037761767578127,3
2,lstm1v0,r2,-0.00042702275285622093,3
