,Model,Metric,Value,run
0,lstm1,mae,1.8338848445212814,0
1,lstm1,mad,1.4639517377319335,0
2,lstm1,r2,0.5992289301293494,0
