,Model,Metric,Value,run
0,lstm1,mae,2.892098975634732,2
1,lstm1,mad,2.409048718231201,2
2,lstm1,r2,-0.05666926662484828,2
