,Model,Metric,Value,run
0,lstm1v0,mae,1.912548261297708,0
1,lstm1v0,mad,1.5423719256286623,0
2,lstm1v0,r2,0.5659334131191112,0
