,Model,Metric,Value,run
0,lstm1v0,mae,1.9782822853303845,7
1,lstm1v0,mad,1.7022182875366205,7
2,lstm1v0,r2,0.5176535357846719,7
