,Model,Metric,Value,run
0,lstm2,mae,1.7267086338343356,3
1,lstm2,mad,1.3322865885620123,3
2,lstm2,r2,0.5916135757369183,3
