,Model,Metric,Value,run
0,lstm1v0,mae,2.61660960893392,1
1,lstm1v0,mad,2.156794866851807,1
2,lstm1v0,r2,0.16191200078355605,1
