,Model,Metric,Value,run
0,lstm1v0,mae,3.010767834017576,8
1,lstm1v0,mad,2.7152751896362304,8
2,lstm1v0,r2,-0.002560640877955933,8
