,Model,Metric,Value,run
0,lstm2,mae,2.916948127918621,2
1,lstm2,mad,2.520291581848145,2
2,lstm2,r2,-0.0013841094331763504,2
