,Model,Metric,Value,run
0,lstm1v0,mae,2.8713490369634944,9
1,lstm1v0,mad,2.4333510560913085,9
2,lstm1v0,r2,-0.05207881644838963,9
