,Model,Metric,Value,run
0,lstm1,mae,1.6246039440181859,8
1,lstm1,mad,1.2671914211120612,8
2,lstm1,r2,0.6541847025647747,8
