,Model,Metric,Value,run
0,lstm1,mae,1.8237899357437302,5
1,lstm1,mad,1.419442810943604,5
2,lstm1,r2,0.5371503535899159,5
