,Model,Metric,Value,run
0,lstm1,mae,1.725141139910436,2
1,lstm1,mad,1.404536176300049,2
2,lstm1,r2,0.6187555436340879,2
