,Model,Metric,Value,run
0,lstm1,mae,3.0632624666276866,7
1,lstm1,mad,2.8008714729003903,7
2,lstm1,r2,-1.0678096213911914e-06,7
