,Model,Metric,Value,run
0,lstm1v0,mae,3.140195883218283,9
1,lstm1v0,mad,2.9991664704284666,9
2,lstm1v0,r2,-0.10550345695933516,9
