,Model,Metric,Value,run
0,lstm1,mae,1.8395179348904953,2
1,lstm1,mad,1.3810014382781985,2
2,lstm1,r2,0.545242335881662,2
