,Model,Metric,Value,run
0,lstm1,mae,2.2230588119185732,9
1,lstm1,mad,1.9484532284088134,9
2,lstm1,r2,0.41460884800142417,9
