,Model,Metric,Value,run
0,lstm2,mae,2.106983368719751,3
1,lstm2,mad,1.794139427429199,3
2,lstm2,r2,0.4102720226517511,3
