,Model,Metric,Value,run
0,lstm2,mae,3.298949484319163,5
1,lstm2,mad,3.2122092339477533,5
2,lstm2,r2,-0.19085547952525883,5
