,Model,Metric,Value,run
0,lstm2,mae,3.1115782593387142,3
1,lstm2,mad,3.000702437347412,3
2,lstm2,r2,-0.042811454838330265,3
