,Model,Metric,Value,run
0,lstm2,mae,2.150893470734397,2
1,lstm2,mad,1.754410518890381,2
2,lstm2,r2,0.3735401091457615,2
