,Model,Metric,Value,run
0,lstm_fcn,mae,2.3039692240822762,4
1,lstm_fcn,mad,1.751983907318115,4
2,lstm_fcn,r2,0.14433158005904456,4
