,Model,Metric,Value,run
0,lstm2,mae,2.6300128989450644,6
1,lstm2,mad,2.5029226247253415,6
2,lstm2,r2,0.25958472098610585,6
