,Model,Metric,Value,run
0,lstm2,mae,2.9927709425629,8
1,lstm2,mad,2.6661564490966794,8
2,lstm2,r2,-0.018714783856593975,8
