,Model,Metric,Value,run
0,lstm1,mae,1.8593503609188207,0
1,lstm1,mad,1.6225089701538082,0
2,lstm1,r2,0.5900267202958036,0
