,Model,Metric,Value,run
0,lstm2,mae,3.091377487307538,1
1,lstm2,mad,2.8083089074096677,1
2,lstm2,r2,-0.07102032067895148,1
