,Model,Metric,Value,run
0,lstm1v0,mae,2.8465962992587244,4
1,lstm1v0,mad,2.560710837860108,4
2,lstm1v0,r2,-0.008931296482844964,4
