,Model,Metric,Value,run
0,lstm1v0,mae,2.437858143480573,3
1,lstm1v0,mad,2.0465416751708987,3
2,lstm1v0,r2,0.25113767766886885,3
