,Model,Metric,Value,run
0,lstm1,mae,2.8639491106738415,1
1,lstm1,mad,2.353353707702637,1
2,lstm1,r2,-0.0006889500164011242,1
