,Model,Metric,Value,run
0,lstm_fcn,mae,3.067424589778103,9
1,lstm_fcn,mad,2.702608221801758,9
2,lstm_fcn,r2,-0.18139582055092407,9
