,Model,Metric,Value,run
0,lstm1v0,mae,2.0807860302656405,8
1,lstm1v0,mad,1.6952411190490722,8
2,lstm1v0,r2,0.4753619331515375,8
