,Model,Metric,Value,run
0,lstm2,mae,1.9792168215150938,3
1,lstm2,mad,1.570594594146729,3
2,lstm2,r2,0.44402116907917677,3
