,Model,Metric,Value,run
0,lstm_fcn,mae,2.4945985450568147,4
1,lstm_fcn,mad,2.038848490524292,4
2,lstm_fcn,r2,0.14898070651595552,4
