,Model,Metric,Value,run
0,lstm1,mae,2.9028289644091254,4
1,lstm1,mad,2.6959863479309076,4
2,lstm1,r2,-0.029067906651117026,4
