,Model,Metric,Value,run
0,lstm2,mae,2.877415807681073,9
1,lstm2,mad,2.5829852901000976,9
2,lstm2,r2,-0.012147859540282191,9
