,Model,Metric,Value,run
0,lstm_fcn,mae,2.2284968398984133,5
1,lstm_fcn,mad,1.8873880852050782,5
2,lstm_fcn,r2,0.33622955833189716,5
