,Model,Metric,Value,run
0,lstm1v0,mae,2.9508015733204935,2
1,lstm1v0,mad,2.596008537872315,2
2,lstm1v0,r2,-0.0009704830734751368,2
