,Model,Metric,Value,run
0,lstm1v0,mae,3.0516357740520443,6
1,lstm1v0,mad,3.0109411007690428,6
2,lstm1v0,r2,-0.024241565258650732,6
