,Model,Metric,Value,run
0,lstm1,mae,3.101432814723256,0
1,lstm1,mad,2.907437749176025,0
2,lstm1,r2,-0.007797856344229137,0
