,Model,Metric,Value,run
0,lstm1,mae,2.8090666840038927,5
1,lstm1,mad,2.4729031643066404,5
2,lstm1,r2,-1.0492364926451003e-05,5
