,Model,Metric,Value,run
0,lstm1v0,mae,2.92029899735872,2
1,lstm1v0,mad,2.5133482872009285,2
2,lstm1v0,r2,-0.0008797954156012366,2
