,Model,Metric,Value,run
0,lstm1,mae,1.859376189236232,4
1,lstm1,mad,1.5911584947357178,4
2,lstm1,r2,0.5270754659321845,4
