,Model,Metric,Value,run
0,lstm1,mae,1.7146737445018054,1
1,lstm1,mad,1.3125693981628417,1
2,lstm1,r2,0.6049916122195672,1
