,Model,Metric,Value,run
0,lstm1,mae,3.006836853022649,7
1,lstm1,mad,2.6311346379089358,7
2,lstm1,r2,-0.006968425670008438,7
