,Model,Metric,Value,run
0,lstm2,mae,2.9892394918841685,8
1,lstm2,mad,2.483186595062256,8
2,lstm2,r2,-0.07719913755913321,8
