,Model,Metric,Value,run
0,lstm2,mae,3.040637252638932,8
1,lstm2,mad,2.7704822452087408,8
2,lstm2,r2,-0.0005420033975964689,8
