,Model,Metric,Value,run
0,lstm1v0,mae,3.0511292225600024,8
1,lstm1v0,mad,2.7708510519409177,8
2,lstm1v0,r2,-0.002021548960092323,8
