,Model,Metric,Value,run
0,lstm1,mae,1.8333233442605825,1
1,lstm1,mad,1.468730689376831,1
2,lstm1,r2,0.543479862669188,1
