,Model,Metric,Value,run
0,lstm1v0,mae,2.223737703574548,0
1,lstm1v0,mad,2.021107758514403,0
2,lstm1v0,r2,0.44186965797394473,0
