,Model,Metric,Value,run
0,lstm1v0,mae,2.0796160628112124,4
1,lstm1v0,mad,1.708455433990479,4
2,lstm1v0,r2,0.40746606261803286,4
