,Model,Metric,Value,run
0,lstm1v0,mae,2.9672221645358583,7
1,lstm1v0,mad,2.416253415344238,7
2,lstm1v0,r2,-0.02903887339902811,7
