,Model,Metric,Value,run
0,lstm2,mae,2.7631047628757353,4
1,lstm2,mad,2.3145675,4
2,lstm2,r2,-0.006382767373595222,4
