,Model,Metric,Value,run
0,lstm1v0,mae,2.399227922588642,7
1,lstm1v0,mad,1.964830416931152,7
2,lstm1v0,r2,0.3040699892383276,7
