,Model,Metric,Value,run
0,lstm1v0,mae,1.9704676933955096,3
1,lstm1v0,mad,1.4888100992431639,3
2,lstm1v0,r2,0.4673564372337323,3
