,Model,Metric,Value,run
0,lstm1,mae,2.1145345193974423,4
1,lstm1,mad,1.8198203140563969,4
2,lstm1,r2,0.38701571173150495,4
