,Model,Metric,Value,run
0,lstm_fcn,mae,2.170775538845691,6
1,lstm_fcn,mad,1.7686664953918463,6
2,lstm_fcn,r2,0.40967801898569933,6
