,Model,Metric,Value,run
0,lstm2,mae,2.9198743356075076,6
1,lstm2,mad,2.7193633158569335,6
2,lstm2,r2,-0.0010814009516713075,6
