,Model,Metric,Value,run
0,lstm1v0,mae,1.800562510919089,1
1,lstm1v0,mad,1.468195638122559,1
2,lstm1v0,r2,0.576294951418149,1
