,Model,Metric,Value,run
0,lstm_fcn,mae,2.207899429999215,2
1,lstm_fcn,mad,1.7729867319946284,2
2,lstm_fcn,r2,-0.2927823642554579,2
