,Model,Metric,Value,run
0,lstm1v0,mae,2.8322337017662966,1
1,lstm1v0,mad,2.3614531770629883,1
2,lstm1v0,r2,-0.002005498455410759,1
