,Model,Metric,Value,run
0,lstm1v0,mae,1.8703875787487656,4
1,lstm1v0,mad,1.4444725314331057,4
2,lstm1v0,r2,0.503459023644522,4
