,Model,Metric,Value,run
0,lstm_fcn,mae,2.6554895816397197,7
1,lstm_fcn,mad,2.215336675659179,7
2,lstm_fcn,r2,0.19957235329962297,7
