,Model,Metric,Value,run
0,lstm2,mae,2.8823865815885776,9
1,lstm2,mad,2.5996344598388674,9
2,lstm2,r2,-0.006457399081475135,9
