,Model,Metric,Value,run
0,lstm1,mae,1.9823289950673866,3
1,lstm1,mad,1.5198547078247069,3
2,lstm1,r2,0.4581063316807392,3
