,Model,Metric,Value,run
0,lstm2,mae,2.9352948648118247,6
1,lstm2,mad,2.755911903625488,6
2,lstm2,r2,-5.892062004297927e-06,6
