,Model,Metric,Value,run
0,lstm1v0,mae,2.090651048089415,2
1,lstm1v0,mad,1.793245889312744,2
2,lstm1v0,r2,0.423438784213676,2
