,Model,Metric,Value,run
0,lstm2,mae,2.817090952680315,1
1,lstm2,mad,2.3252928045654295,1
2,lstm2,r2,-0.007569096675191789,1
