,Model,Metric,Value,run
0,lstm2,mae,2.887263323627849,2
1,lstm2,mad,2.426753988983154,2
2,lstm2,r2,-0.01904087307652258,2
