,Model,Metric,Value,run
0,lstm1v0,mae,3.127020639429449,8
1,lstm1v0,mad,2.8371668263854977,8
2,lstm1v0,r2,-0.027263791687774264,8
