,Model,Metric,Value,run
0,lstm1v0,mae,1.9517070994797592,4
1,lstm1v0,mad,1.5721885141601564,4
2,lstm1v0,r2,0.4451506229293354,4
