,Model,Metric,Value,run
0,lstm1,mae,2.879338666235117,9
1,lstm1,mad,2.6027910231628417,9
2,lstm1,r2,-0.009236753277109377,9
