,Model,Metric,Value,run
0,lstm1,mae,2.927453773707799,6
1,lstm1,mad,2.7513544911193843,6
2,lstm1,r2,-0.00028361835633905486,6
