,Model,Metric,Value,run
0,lstm1v0,mae,3.071538511615795,5
1,lstm1v0,mad,2.8832029241027826,5
2,lstm1v0,r2,-0.07427475390911065,5
