,Model,Metric,Value,run
0,lstm1v0,mae,2.1475412460087364,8
1,lstm1v0,mad,1.789127246582031,8
2,lstm1v0,r2,0.43820895203712074,8
