,Model,Metric,Value,run
0,lstm1v0,mae,2.779076769041627,4
1,lstm1v0,mad,2.4106190694885257,4
2,lstm1v0,r2,-0.0008321317334250011,4
