,Model,Metric,Value,run
0,lstm1v0,mae,2.038375295073373,9
1,lstm1v0,mad,1.7593534744110109,9
2,lstm1v0,r2,0.4842734217047975,9
