,Model,Metric,Value,run
0,lstm1v0,mae,1.9711983605170613,6
1,lstm1v0,mad,1.6060474616394043,6
2,lstm1v0,r2,0.5027022901452634,6
