,Model,Metric,Value,run
0,lstm1v0,mae,1.8029549834152891,6
1,lstm1v0,mad,1.43521384236145,6
2,lstm1v0,r2,0.5828139642506923,6
