,Model,Metric,Value,run
0,lstm1v0,mae,2.944039021062159,2
1,lstm1v0,mad,2.5686156556701665,2
2,lstm1v0,r2,-0.00037941635118277084,2
