,Model,Metric,Value,run
0,lstm2,mae,2.9124317326423728,2
1,lstm2,mad,2.5041393658447264,2
2,lstm2,r2,-0.0021740935838325814,2
