,Model,Metric,Value,run
0,lstm1,mae,2.3573816808902617,7
1,lstm1,mad,2.018698484985351,7
2,lstm1,r2,0.3669091391725251,7
