,Model,Metric,Value,run
0,lstm1v0,mae,2.2480294201754893,8
1,lstm1v0,mad,1.7780540459289558,8
2,lstm1v0,r2,0.38538932719017704,8
