,Model,Metric,Value,run
0,lstm2,mae,1.8969748784909088,0
1,lstm2,mad,1.5897722643737793,0
2,lstm2,r2,0.5593768292460266,0
