,Model,Metric,Value,run
0,lstm2,mae,3.025819216016161,0
1,lstm2,mad,2.7506562934570313,0
2,lstm2,r2,-0.00482576353186559,0
