,Model,Metric,Value,run
0,lstm2,mae,2.990435012052431,5
1,lstm2,mad,2.8306525000000002,5
2,lstm2,r2,-0.04127562213524372,5
