,Model,Metric,Value,run
0,lstm2,mae,3.1797159163130875,2
1,lstm2,mad,3.070333048126221,2
2,lstm2,r2,-0.07621057540940002,2
