,Model,Metric,Value,run
0,lstm1,mae,3.0280991980636096,7
1,lstm1,mad,2.7439912649536136,7
2,lstm1,r2,-0.002507120874669866,7
