,Model,Metric,Value,run
0,lstm2,mae,2.915388386883746,3
1,lstm2,mad,2.4968339754333497,3
2,lstm2,r2,-0.0036943998835374803,3
