,Model,Metric,Value,run
0,lstm1,mae,2.878495786839747,5
1,lstm1,mad,2.6220506187744137,5
2,lstm1,r2,-0.008097536741207056,5
