,Model,Metric,Value,run
0,lstm1v0,mae,2.8343368049462283,1
1,lstm1v0,mad,2.3556278706054687,1
2,lstm1v0,r2,-0.0015318801141173122,1
