,Model,Metric,Value,run
0,lstm2,mae,2.8836217477140322,9
1,lstm2,mad,2.5889230000000003,9
2,lstm2,r2,-0.005591593062249212,9
