,Model,Metric,Value,run
0,lstm2,mae,2.7557193832263316,4
1,lstm2,mad,2.2850210231628414,4
2,lstm2,r2,-0.03235567649719773,4
