,Model,Metric,Value,run
0,lstm1,mae,2.962317177088475,5
1,lstm1,mad,2.7841755692138674,5
2,lstm1,r2,-0.031378410841598425,5
