,Model,Metric,Value,run
0,lstm2,mae,3.1436385178841393,3
1,lstm2,mad,3.0027346047668457,3
2,lstm2,r2,-0.05699275958230521,3
