,Model,Metric,Value,run
0,lstm_fcn,mae,2.2108354124962104,4
1,lstm_fcn,mad,1.785057942749023,4
2,lstm_fcn,r2,0.32140274121853984,4
