,Model,Metric,Value,run
0,lstm1,mae,2.887845546417907,9
1,lstm1,mad,2.6301793466186525,9
2,lstm1,r2,-0.0034275160089400902,9
