,Model,Metric,Value,run
0,lstm2,mae,3.0343427282741673,7
1,lstm2,mad,2.7587250926513667,7
2,lstm2,r2,-0.001692792571502677,7
