,Model,Metric,Value,run
0,lstm_fcn,mae,2.46938034629914,4
1,lstm_fcn,mad,2.099110513549805,4
2,lstm_fcn,r2,0.18282733661853579,4
