,Model,Metric,Value,run
0,lstm_fcn,mae,2.4040056747760143,7
1,lstm_fcn,mad,1.9303662789764404,7
2,lstm_fcn,r2,0.33101771239949573,7
