,Model,Metric,Value,run
0,lstm2,mae,1.9070641167235325,5
1,lstm2,mad,1.3644867438659665,5
2,lstm2,r2,0.4620139960763707,5
