,Model,Metric,Value,run
0,lstm2,mae,1.8135873684638724,4
1,lstm2,mad,1.357283559188843,4
2,lstm2,r2,0.5067070208863071,4
