,Model,Metric,Value,run
0,lstm2,mae,2.756933365068037,4
1,lstm2,mad,2.292721046325684,4
2,lstm2,r2,-0.03849390843078582,4
