,Model,Metric,Value,run
0,lstm1,mae,2.2819049840054353,3
1,lstm1,mad,2.066773031707763,3
2,lstm1,r2,0.3624820631988934,3
