,Model,Metric,Value,run
0,lstm1v0,mae,3.107739650852916,3
1,lstm1v0,mad,2.986431654876709,3
2,lstm1v0,r2,-0.04121900974549342,3
