,Model,Metric,Value,run
0,lstm1v0,mae,1.7177930449806464,1
1,lstm1v0,mad,1.3005199508361818,1
2,lstm1v0,r2,0.6053128830557528,1
