,Model,Metric,Value,run
0,lstm1v0,mae,2.7997281788184196,4
1,lstm1v0,mad,2.4921806909179693,4
2,lstm1v0,r2,-0.0002513873733775984,4
