,Model,Metric,Value,run
0,lstm1v0,mae,2.8244097003158735,1
1,lstm1v0,mad,2.3592038529357904,1
2,lstm1v0,r2,-0.004345840940285228,1
