,Model,Metric,Value,run
0,lstm_fcn,mae,2.3074392902137837,9
1,lstm_fcn,mad,1.912730960754394,9
2,lstm_fcn,r2,0.3039956285405975,9
