,Model,Metric,Value,run
0,lstm1v0,mae,1.9549590951763616,3
1,lstm1v0,mad,1.5694098788146973,3
2,lstm1v0,r2,0.481913450875447,3
