,Model,Metric,Value,run
0,lstm_fcn,mae,2.658349143623939,4
1,lstm_fcn,mad,2.1811760737915042,4
2,lstm_fcn,r2,-0.009635378860478161,4
