,Model,Metric,Value,run
0,lstm1,mae,1.8517462308394883,1
1,lstm1,mad,1.4951313821105963,1
2,lstm1,r2,0.5505025821401619,1
