,Model,Metric,Value,run
0,lstm_fcn,mae,2.2615336234454473,4
1,lstm_fcn,mad,1.8996201906280517,4
2,lstm_fcn,r2,0.28792534893621724,4
