,Model,Metric,Value,run
0,lstm1,mae,2.9832524208082254,1
1,lstm1,mad,2.6142605286865237,1
2,lstm1,r2,-0.030371056413276643,1
