,Model,Metric,Value,run
0,lstm1v0,mae,1.9193818305220547,2
1,lstm1v0,mad,1.508271097930908,2
2,lstm1v0,r2,0.4882468337877389,2
