,Model,Metric,Value,run
0,lstm2,mae,2.954948962866312,7
1,lstm2,mad,2.365741893157959,7
2,lstm2,r2,-0.061821172890645926,7
