,Model,Metric,Value,run
0,lstm2,mae,2.937194896638807,2
1,lstm2,mad,2.526264041748047,2
2,lstm2,r2,-4.6892194027314815e-05,2
