,Model,Metric,Value,run
0,lstm_fcn,mae,2.389650871645833,5
1,lstm_fcn,mad,1.7471282337646485,5
2,lstm_fcn,r2,0.11731799808731058,5
