,Model,Metric,Value,run
0,lstm1,mae,1.8327183009121233,7
1,lstm1,mad,1.4599311377563478,7
2,lstm1,r2,0.5931178964463009,7
