,Model,Metric,Value,run
0,lstm1,mae,2.9196576777273324,5
1,lstm1,mad,2.7149354462280275,5
2,lstm1,r2,-0.018180232818365116,5
