,Model,Metric,Value,run
0,lstm1v0,mae,2.133087998683384,5
1,lstm1v0,mad,1.7089122146606446,5
2,lstm1v0,r2,0.3651415769965034,5
