,Model,Metric,Value,run
0,lstm_fcn,mae,2.1382826510127977,8
1,lstm_fcn,mad,1.6447729666137691,8
2,lstm_fcn,r2,0.40101631510822633,8
