,Model,Metric,Value,run
0,lstm1,mae,2.9308857602160114,3
1,lstm1,mad,2.577195589263916,3
2,lstm1,r2,-0.0009082406705711588,3
