,Model,Metric,Value,run
0,lstm2,mae,2.972267880988488,3
1,lstm2,mad,2.73044902545166,3
2,lstm2,r2,-0.0014907307294858008,3
