,Model,Metric,Value,run
0,lstm1v0,mae,2.887728637474647,9
1,lstm1v0,mad,2.627877653656006,9
2,lstm1v0,r2,-0.003500961788589052,9
