,Model,Metric,Value,run
0,lstm2,mae,3.1744584123612287,1
1,lstm2,mad,2.9215580694580074,1
2,lstm2,r2,-0.10978760640321683,1
