,Model,Metric,Value,run
0,lstm1,mae,3.0518276494256322,3
1,lstm1,mad,2.8988428611450194,3
2,lstm1,r2,-0.020355424639597164,3
