,Model,Metric,Value,run
0,lstm1,mae,2.4045876920601983,6
1,lstm1,mad,2.1386983583374026,6
2,lstm1,r2,0.3428534936367651,6
