,Model,Metric,Value,run
0,lstm1v0,mae,1.7739089120820433,0
1,lstm1v0,mad,1.5103145004272456,0
2,lstm1v0,r2,0.619710611522583,0
