,Model,Metric,Value,run
0,lstm_fcn,mae,2.3886797257929375,2
1,lstm_fcn,mad,1.918275519989014,2
2,lstm_fcn,r2,0.24722393983776547,2
