,Model,Metric,Value,run
0,lstm1,mae,2.008389185138744,1
1,lstm1,mad,1.5938104828033444,1
2,lstm1,r2,0.4451658425582611,1
