,Model,Metric,Value,run
0,lstm_fcn,mae,2.5743259584992795,7
1,lstm_fcn,mad,2.2021406066284177,7
2,lstm_fcn,r2,0.22424145400824702,7
