,Model,Metric,Value,run
0,lstm1,mae,2.8139474733331697,1
1,lstm1,mad,2.322498492736816,1
2,lstm1,r2,-0.009629346368962066,1
