,Model,Metric,Value,run
0,lstm1v0,mae,2.9144731755679625,6
1,lstm1v0,mad,2.6771107752685546,6
2,lstm1v0,r2,-0.0019984099874124084,6
