,Model,Metric,Value,run
0,lstm2,mae,2.77436223146644,4
1,lstm2,mad,2.4033550769042966,4
2,lstm2,r2,-0.0015808207911383043,4
