,Model,Metric,Value,run
0,lstm_fcn,mae,2.9346815326448374,2
1,lstm_fcn,mad,2.2344723323364257,2
2,lstm_fcn,r2,-0.13551902176617925,2
