,Model,Metric,Value,run
0,lstm1v0,mae,2.2820088022980745,5
1,lstm1v0,mad,1.922367255950928,5
2,lstm1v0,r2,0.32045908345863583,5
