,Model,Metric,Value,run
0,lstm1v0,mae,1.9584617776871565,1
1,lstm1v0,mad,1.4963699029846191,1
2,lstm1v0,r2,0.4852470754432635,1
