,Model,Metric,Value,run
0,lstm2,mae,2.98097523634724,9
1,lstm2,mad,2.776384736846924,9
2,lstm2,r2,-0.023285602133217953,9
