,Model,Metric,Value,run
0,lstm1,mae,3.1643961337001922,2
1,lstm1,mad,3.0016184500122067,2
2,lstm1,r2,-0.0703189070005561,2
