,Model,Metric,Value,run
0,lstm1,mae,1.8054182929134996,3
1,lstm1,mad,1.4461221548156735,3
2,lstm1,r2,0.5465698191773156,3
