,Model,Metric,Value,run
0,lstm1,mae,2.8855507813207604,2
1,lstm1,mad,2.3874069536743163,2
2,lstm1,r2,-0.024753590679678306,2
