,Model,Metric,Value,run
0,lstm2,mae,3.003044521171151,9
1,lstm2,mad,2.859070356903076,9
2,lstm2,r2,-0.03325921447575109,9
