,Model,Metric,Value,run
0,lstm1v0,mae,2.878291818538792,4
1,lstm1v0,mad,2.676356162902832,4
2,lstm1v0,r2,-0.018979250372833434,4
