,Model,Metric,Value,run
0,lstm1,mae,2.84664408777392,4
1,lstm1,mad,2.560737540740967,4
2,lstm1,r2,-0.008943156392499096,4
