,Model,Metric,Value,run
0,lstm2,mae,2.7918678685547547,4
1,lstm2,mad,2.4841311169128417,4
2,lstm2,r2,-8.773068516099158e-08,4
