,Model,Metric,Value,run
0,lstm2,mae,2.867259134926597,5
1,lstm2,mad,2.577592229492187,5
2,lstm2,r2,-0.0059693858403699895,5
