,Model,Metric,Value,run
0,lstm2,mae,2.926694263814235,6
1,lstm2,mad,2.7531369999999997,6
2,lstm2,r2,-0.0003405042824851101,6
