,Model,Metric,Value,run
0,lstm1,mae,2.968983114864643,3
1,lstm1,mad,2.7241634073486325,3
2,lstm1,r2,-0.0011274827171685597,3
