,Model,Metric,Value,run
0,lstm1,mae,2.988200434818813,8
1,lstm1,mad,2.634932662841797,8
2,lstm1,r2,-0.02759992868002481,8
