,Model,Metric,Value,run
0,lstm1,mae,1.8476982321697695,4
1,lstm1,mad,1.5334576547241205,4
2,lstm1,r2,0.5367491252005935,4
