,Model,Metric,Value,run
0,lstm2,mae,1.8819785647252683,9
1,lstm2,mad,1.6465464398193363,9
2,lstm2,r2,0.5564928173464683,9
