,Model,Metric,Value,run
0,lstm1v0,mae,2.2582928211788134,5
1,lstm1v0,mad,1.7464390068054199,5
2,lstm1v0,r2,0.25833116442085213,5
