,Model,Metric,Value,run
0,lstm2,mae,3.009201955567412,0
1,lstm2,mad,2.64180435836792,0
2,lstm2,r2,-0.02314351055174524,0
