,Model,Metric,Value,run
0,lstm2,mae,2.056265263038803,9
1,lstm2,mad,1.7906878806152342,9
2,lstm2,r2,0.4608955830944561,9
