,Model,Metric,Value,run
0,lstm2,mae,2.098662572816115,7
1,lstm2,mad,1.700414187652588,7
2,lstm2,r2,0.46801824955424687,7
