,Model,Metric,Value,run
0,lstm_fcn,mae,2.797815324092572,1
1,lstm_fcn,mad,2.2238449160614016,1
2,lstm_fcn,r2,-0.048229038272770586,1
