,Model,Metric,Value,run
0,lstm1,mae,2.1290565881179977,5
1,lstm1,mad,1.801646810516357,5
2,lstm1,r2,0.3573815402267291,5
