,Model,Metric,Value,run
0,lstm1,mae,2.2841258250838057,9
1,lstm1,mad,1.9804072800903318,9
2,lstm1,r2,0.35680998198699054,9
