,Model,Metric,Value,run
0,lstm1,mae,2.8442257802928883,1
1,lstm1,mad,2.349133,1
2,lstm1,r2,-0.0002005501212556382,1
