,Model,Metric,Value,run
0,lstm1,mae,2.886486974474561,9
1,lstm1,mad,2.625715876464844,9
2,lstm1,r2,-0.004041586538851227,9
