,Model,Metric,Value,run
0,lstm_fcn,mae,2.568838505175832,1
1,lstm_fcn,mad,1.9225214266052246,1
2,lstm_fcn,r2,0.13415855414056865,1
