,Model,Metric,Value,run
0,lstm1,mae,2.2415943490759878,7
1,lstm1,mad,1.7523252706909185,7
2,lstm1,r2,0.39280893672211525,7
