,Model,Metric,Value,run
0,lstm2,mae,2.978224656038557,9
1,lstm2,mad,2.7711054536743163,9
2,lstm2,r2,-0.02206220878003684,9
