,Model,Metric,Value,run
0,lstm1,mae,1.8614592406355472,6
1,lstm1,mad,1.4870285653686528,6
2,lstm1,r2,0.5431773777728546,6
