,Model,Metric,Value,run
0,lstm1v0,mae,1.8072948835722538,8
1,lstm1v0,mad,1.3570967306518549,8
2,lstm1v0,r2,0.5939265456824007,8
