,Model,Metric,Value,run
0,lstm1v0,mae,2.9808393537483635,7
1,lstm1v0,mad,2.4966792576293946,7
2,lstm1v0,r2,-0.01816026819113148,7
