,Model,Metric,Value,run
0,lstm1v0,mae,3.0185050826841917,0
1,lstm1v0,mad,2.740851668426514,0
2,lstm1v0,r2,-0.010176041273078473,0
