,Model,Metric,Value,run
0,lstm1v0,mae,1.7394657786374774,0
1,lstm1v0,mad,1.3957194174499516,0
2,lstm1v0,r2,0.6312694276630887,0
