,Model,Metric,Value,run
0,lstm2,mae,2.096386643782563,9
1,lstm2,mad,1.7775020161132815,9
2,lstm2,r2,0.4449009251567375,9
