,Model,Metric,Value,run
0,lstm1v0,mae,3.020600360518235,0
1,lstm1v0,mad,2.7573038610229497,0
2,lstm1v0,r2,-0.00824053530597868,0
