,Model,Metric,Value,run
0,lstm1,mae,2.9771029222366843,7
1,lstm1,mad,2.463531445739746,7
2,lstm1,r2,-0.02060264583626803,7
