,Model,Metric,Value,run
0,lstm1v0,mae,3.0502134798039027,1
1,lstm1v0,mad,2.7231621797180177,1
2,lstm1v0,r2,-0.05413844546202862,1
