,Model,Metric,Value,run
0,lstm1,mae,3.0406432253634272,0
1,lstm1,mad,2.7585828067321776,0
2,lstm1,r2,-0.002213560727614583,0
