,Model,Metric,Value,run
0,lstm2,mae,2.9145261592851575,9
1,lstm2,mad,2.6703563662719727,9
2,lstm2,r2,-0.0004402891508710205,9
