,Model,Metric,Value,run
0,lstm2,mae,2.8849789009821962,9
1,lstm2,mad,2.605828429107666,9
2,lstm2,r2,-0.00481274632119999,9
