,Model,Metric,Value,run
0,lstm1,mae,2.998064489126185,8
1,lstm1,mad,2.7245704562683106,8
2,lstm1,r2,-0.011376207335585198,8
