,Model,Metric,Value,run
0,lstm_fcn,mae,2.5169877898891153,3
1,lstm_fcn,mad,2.080831392822266,3
2,lstm_fcn,r2,0.17529891303224854,3
