,Model,Metric,Value,run
0,lstm_fcn,mae,1.868367383749155,1
1,lstm_fcn,mad,1.5262066607666016,1
2,lstm_fcn,r2,0.5605460504815833,1
