,Model,Metric,Value,run
0,lstm1,mae,2.779359344837566,4
1,lstm1,mad,2.4125768600463875,4
2,lstm1,r2,-0.0007987081693128228,4
