,Model,Metric,Value,run
0,lstm1,mae,3.0414666663358916,8
1,lstm1,mad,2.772444583587647,8
2,lstm1,r2,-0.002297892344813146,8
