,Model,Metric,Value,run
0,lstm2,mae,2.9937033871458287,8
1,lstm2,mad,2.680641476837158,8
2,lstm2,r2,-0.01715445892706602,8
