,Model,Metric,Value,run
0,lstm2,mae,1.8282498230535487,0
1,lstm2,mad,1.5009102977294924,0
2,lstm2,r2,0.5883162182621227,0
