,Model,Metric,Value,run
0,lstm1v0,mae,2.99207885925075,3
1,lstm1v0,mad,2.7638309360961912,3
2,lstm1v0,r2,-0.004593683896583434,3
