,Model,Metric,Value,run
0,lstm1,mae,2.9110873210439157,5
1,lstm1,mad,2.6860595,5
2,lstm1,r2,-0.01584455165828036,5
