,Model,Metric,Value,run
0,lstm1v0,mae,2.0710153473244133,2
1,lstm1v0,mad,1.8418677351684565,2
2,lstm1v0,r2,0.4257810652116625,2
