,Model,Metric,Value,run
0,lstm1,mae,2.3071211008631107,9
1,lstm1,mad,2.0277102264709472,9
2,lstm1,r2,0.3531372167121567,9
