,Model,Metric,Value,run
0,lstm1,mae,2.8776681436172318,9
1,lstm1,mad,2.587270430511475,9
2,lstm1,r2,-0.011746264643040183,9
