,Model,Metric,Value,run
0,lstm_fcn,mae,2.920372937399141,7
1,lstm_fcn,mad,2.416910254745483,7
2,lstm_fcn,r2,-0.2721520519911611,7
