,Model,Metric,Value,run
0,lstm1v0,mae,1.843150913590735,2
1,lstm1v0,mad,1.408623813079834,2
2,lstm1v0,r2,0.5455545850313663,2
