,Model,Metric,Value,run
0,lstm2,mae,2.106191964050293,8
1,lstm2,mad,1.7203464306030272,8
2,lstm2,r2,0.4722318643425233,8
