,Model,Metric,Value,run
0,lstm1v0,mae,2.4667393021374378,9
1,lstm1v0,mad,2.156647538696289,9
2,lstm1v0,r2,0.23555280974456771,9
