,Model,Metric,Value,run
0,lstm2,mae,2.8865247205896063,9
1,lstm2,mad,2.625941897277832,9
2,lstm2,r2,-0.004055934361442137,9
