,Model,Metric,Value,run
0,lstm2,mae,2.85520901627157,5
1,lstm2,mad,2.5295766350097653,5
2,lstm2,r2,-0.004025114065817625,5
