,Model,Metric,Value,run
0,lstm1,mae,1.9114795856066693,5
1,lstm1,mad,1.4593908935546875,5
2,lstm1,r2,0.48751311353039195,5
