,Model,Metric,Value,run
0,lstm1v0,mae,3.0038690290299304,7
1,lstm1v0,mad,2.613281927581787,7
2,lstm1v0,r2,-0.007927531793972653,7
