,Model,Metric,Value,run
0,lstm1,mae,2.8826921867618776,6
1,lstm1,mad,2.4738629088134765,6
2,lstm1,r2,-0.023965130481510055,6
