,Model,Metric,Value,run
0,lstm2,mae,3.036806938868261,7
1,lstm2,mad,2.7585019328613276,7
2,lstm2,r2,-0.0013476328431025753,7
