,Model,Metric,Value,run
0,lstm2,mae,2.9460060479912396,1
1,lstm2,mad,2.5368489073486327,1
2,lstm2,r2,-0.01917594617813978,1
