,Model,Metric,Value,run
0,lstm1,mae,3.080349349554376,1
1,lstm1,mad,2.7888959750061035,1
2,lstm1,r2,-0.0663448582052848,1
