,Model,Metric,Value,run
0,lstm1,mae,2.8991090289578283,9
1,lstm1,mad,2.6696324999999996,9
2,lstm1,r2,-0.00041943386744613953,9
