,Model,Metric,Value,run
0,lstm1,mae,3.022213995105283,7
1,lstm1,mad,2.711537727966309,7
2,lstm1,r2,-0.003416861644198521,7
