,Model,Metric,Value,run
0,lstm1v0,mae,2.408328157273345,6
1,lstm1v0,mad,2.1276244530639645,6
2,lstm1v0,r2,0.32351618145525274,6
