,Model,Metric,Value,run
0,lstm1v0,mae,1.8687285276084313,7
1,lstm1v0,mad,1.5239830600280762,7
2,lstm1v0,r2,0.5904030367450945,7
