,Model,Metric,Value,run
0,lstm1v0,mae,2.901898330376258,1
1,lstm1v0,mad,2.3765002853698736,1
2,lstm1v0,r2,-0.007386827719676914,1
