,Model,Metric,Value,run
0,lstm2,mae,2.889310977955745,2
1,lstm2,mad,2.4348720952148435,2
2,lstm2,r2,-0.04886902601130916,2
