,Model,Metric,Value,run
0,lstm1,mae,3.019782542175964,7
1,lstm1,mad,2.697807678833008,7
2,lstm1,r2,-0.0038935905714430064,7
