,Model,Metric,Value,run
0,lstm_fcn,mae,2.3247372604612413,4
1,lstm_fcn,mad,1.959770388092041,4
2,lstm_fcn,r2,0.2774126302805361,4
