,Model,Metric,Value,run
0,lstm2,mae,3.09634675217312,7
1,lstm2,mad,2.8603663353271482,7
2,lstm2,r2,-0.0014415484157748182,7
