,Model,Metric,Value,run
0,lstm2,mae,1.9195046755088552,2
1,lstm2,mad,1.4867826316223143,2
2,lstm2,r2,0.5107543058835141,2
