,Model,Metric,Value,run
0,lstm2,mae,2.044570333842267,9
1,lstm2,mad,1.6300168996582034,9
2,lstm2,r2,0.44512845832176595,9
