,Model,Metric,Value,run
0,lstm1v0,mae,1.8047802450393005,0
1,lstm1v0,mad,1.5735449739074703,0
2,lstm1v0,r2,0.6086649084435688,0
