,Model,Metric,Value,run
0,lstm2,mae,2.982513877076537,6
1,lstm2,mad,2.867912328277588,6
2,lstm2,r2,-0.005049232900419476,6
