,Model,Metric,Value,run
0,lstm1,mae,1.9265209033648316,7
1,lstm1,mad,1.5297110308532713,7
2,lstm1,r2,0.5424844647472541,7
