,Model,Metric,Value,run
0,lstm1,mae,3.03126226180544,6
1,lstm1,mad,2.9728791622924806,6
2,lstm1,r2,-0.01763276541310077,6
