,Model,Metric,Value,run
0,lstm2,mae,3.063296458305107,7
1,lstm2,mad,2.800633531158447,7
2,lstm2,r2,-1.2855370223885387e-06,7
