,Model,Metric,Value,run
0,lstm1v0,mae,1.8197218581962167,6
1,lstm1v0,mad,1.4431206753540033,6
2,lstm1v0,r2,0.5589835164575381,6
