,Model,Metric,Value,run
0,lstm_fcn,mae,2.6228726776898563,7
1,lstm_fcn,mad,2.1488181450805666,7
2,lstm_fcn,r2,0.2061240677295091,7
