,Model,Metric,Value,run
0,lstm2,mae,2.910000642560854,5
1,lstm2,mad,2.686058069488525,5
2,lstm2,r2,-0.015558490105832545,5
