,Model,Metric,Value,run
0,lstm_fcn,mae,2.720985040628622,4
1,lstm_fcn,mad,2.278680645965576,4
2,lstm_fcn,r2,0.021359919376229164,4
