,Model,Metric,Value,run
0,lstm1,mae,2.2206065617447734,7
1,lstm1,mad,1.7858720259094238,7
2,lstm1,r2,0.42614828940378735,7
