,Model,Metric,Value,run
0,lstm2,mae,3.57277238099704,6
1,lstm2,mad,3.387046712036133,6
2,lstm2,r2,-0.3097567782485444,6
