,Model,Metric,Value,run
0,lstm1v0,mae,2.997512204277626,8
1,lstm1v0,mad,2.7136427791137696,8
2,lstm1v0,r2,-0.012046631396701368,8
