,Model,Metric,Value,run
0,lstm1,mae,3.0366693543603924,0
1,lstm1,mad,2.7537175898437507,0
2,lstm1,r2,-0.0031493545605312256,0
