,Model,Metric,Value,run
0,lstm1v0,mae,1.817671150657486,8
1,lstm1v0,mad,1.4541758293762208,8
2,lstm1v0,r2,0.5939381284374539,8
