,Model,Metric,Value,run
0,lstm1,mae,2.986322954219776,8
1,lstm1,mad,2.6257779562377928,8
2,lstm1,r2,-0.03269308598426934,8
