,Model,Metric,Value,run
0,lstm2,mae,2.991557513797802,3
1,lstm2,mad,2.763853347442627,3
2,lstm2,r2,-0.004495206380918715,3
