,Model,Metric,Value,run
0,lstm1v0,mae,2.7243067319294014,5
1,lstm1v0,mad,2.177657182128906,5
2,lstm1v0,r2,-0.025294722097057187,5
