,Model,Metric,Value,run
0,lstm2,mae,2.852549883006672,1
1,lstm2,mad,2.3556183338623047,1
2,lstm2,r2,-1.892098926870034e-05,1
