,Model,Metric,Value,run
0,lstm1v0,mae,2.983931535456228,7
1,lstm1v0,mad,2.509353523162842,7
2,lstm1v0,r2,-0.01637481196688073,7
