,Model,Metric,Value,run
0,lstm1v0,mae,2.0512160581954286,0
1,lstm1v0,mad,1.6199173608398434,0
2,lstm1v0,r2,0.466109540161193,0
