,Model,Metric,Value,run
0,lstm2,mae,3.0036631803734744,8
1,lstm2,mad,2.72834123562622,8
2,lstm2,r2,-0.00621949225581897,8
