,Model,Metric,Value,run
0,lstm2,mae,2.057761866688151,3
1,lstm2,mad,1.721696804840088,3
2,lstm2,r2,0.4276810170856674,3
