,Model,Metric,Value,run
0,lstm_fcn,mae,3.2044940470485472,7
1,lstm_fcn,mad,2.088919360473633,7
2,lstm_fcn,r2,-0.36548221650005686,7
