,Model,Metric,Value,run
0,lstm2,mae,2.0743885142857477,8
1,lstm2,mad,1.8006689971313472,8
2,lstm2,r2,0.4931717990452371,8
