,Model,Metric,Value,run
0,lstm_fcn,mae,2.2010437178386644,6
1,lstm_fcn,mad,1.7193674579772944,6
2,lstm_fcn,r2,0.34414584077637334,6
