,Model,Metric,Value,run
0,lstm1,mae,1.973368287182986,5
1,lstm1,mad,1.5441891823425289,5
2,lstm1,r2,0.4644046134902633,5
