,Model,Metric,Value,run
0,lstm2,mae,3.0102835667915766,8
1,lstm2,mad,2.484211958251953,8
2,lstm2,r2,-0.11753559363518473,8
