,Model,Metric,Value,run
0,lstm_fcn,mae,2.018702827071473,8
1,lstm_fcn,mad,1.6683622581481936,8
2,lstm_fcn,r2,0.4868070646348842,8
