,Model,Metric,Value,run
0,lstm_fcn,mae,2.385824402973301,1
1,lstm_fcn,mad,1.974239642730713,1
2,lstm_fcn,r2,0.2699506061047652,1
