,Model,Metric,Value,run
0,lstm1,mae,1.9542210123591162,1
1,lstm1,mad,1.4925548397521973,1
2,lstm1,r2,0.47891591085001395,1
