,Model,Metric,Value,run
0,lstm2,mae,2.8999843898432807,5
1,lstm2,mad,2.6755484913024894,5
2,lstm2,r2,-0.012977467344803983,5
