,Model,Metric,Value,run
0,lstm1v0,mae,2.517264415506216,6
1,lstm1v0,mad,2.20026417767334,6
2,lstm1v0,r2,0.2640886362496013,6
