,Model,Metric,Value,run
0,lstm2,mae,2.8986108607913845,2
1,lstm2,mad,2.3685144171752928,2
2,lstm2,r2,-0.0705362408177399,2
