,Model,Metric,Value,run
0,lstm1,mae,1.7689803229832073,9
1,lstm1,mad,1.5070123820800783,9
2,lstm1,r2,0.6086606328402798,9
