,Model,Metric,Value,run
0,lstm1v0,mae,1.900059302626641,3
1,lstm1v0,mad,1.4747844877319336,3
2,lstm1v0,r2,0.4897682397491431,3
