,Model,Metric,Value,run
0,lstm2,mae,2.9547157661312227,3
1,lstm2,mad,2.6653140927734373,3
2,lstm2,r2,-0.00011311625976362372,3
