,Model,Metric,Value,run
0,lstm1v0,mae,2.350775243916103,7
1,lstm1v0,mad,1.845825079711915,7
2,lstm1v0,r2,0.34661268327879047,7
