,Model,Metric,Value,run
0,lstm2,mae,2.8698619426946954,5
1,lstm2,mad,2.587883329040527,5
2,lstm2,r2,-0.006433692434594018,5
