,Model,Metric,Value,run
0,lstm1v0,mae,2.9730284231559,3
1,lstm1v0,mad,2.734498326599121,3
2,lstm1v0,r2,-0.0015806681269403544,3
