,Model,Metric,Value,run
0,lstm1v0,mae,2.0237009264945565,4
1,lstm1v0,mad,1.7883344496459963,4
2,lstm1v0,r2,0.4372694677494232,4
