,Model,Metric,Value,run
0,lstm1,mae,3.0101886125466484,8
1,lstm1,mad,2.717316976837158,8
2,lstm1,r2,-0.002765840411834697,8
