,Model,Metric,Value,run
0,lstm1,mae,1.8498853288923827,9
1,lstm1,mad,1.550904112548828,9
2,lstm1,r2,0.5391685502960344,9
