,Model,Metric,Value,run
0,lstm1v0,mae,1.9803030367506258,1
1,lstm1v0,mad,1.697359511566162,1
2,lstm1v0,r2,0.514046702311542,1
