,Model,Metric,Value,run
0,lstm_fcn,mae,2.315776939411373,4
1,lstm_fcn,mad,1.8743903486175535,4
2,lstm_fcn,r2,0.21434031327002057,4
