,Model,Metric,Value,run
0,lstm1,mae,2.196730997881208,8
1,lstm1,mad,1.8117422009277346,8
2,lstm1,r2,0.39910366666555097,8
