,Model,Metric,Value,run
0,lstm1v0,mae,2.252313378358191,5
1,lstm1v0,mad,1.792883478149414,5
2,lstm1v0,r2,0.2545806766293772,5
