,Model,Metric,Value,run
0,lstm_fcn,mae,2.855267057119097,0
1,lstm_fcn,mad,2.487321301940918,0
2,lstm_fcn,r2,-0.046142276024536466,0
