,Model,Metric,Value,run
0,lstm1v0,mae,1.9503749655092681,7
1,lstm1v0,mad,1.6516390672302244,7
2,lstm1v0,r2,0.5530004183505577,7
