,Model,Metric,Value,run
0,lstm1v0,mae,2.897929518708449,1
1,lstm1v0,mad,2.3559009201354986,1
2,lstm1v0,r2,-0.006433032559270746,1
