,Model,Metric,Value,run
0,lstm2,mae,1.9865869598449875,6
1,lstm2,mad,1.6485439124145507,6
2,lstm2,r2,0.5057499005742192,6
