,Model,Metric,Value,run
0,lstm1,mae,2.942179460220169,5
1,lstm1,mad,2.769222,5
2,lstm1,r2,-0.024844071810713464,5
