,Model,Metric,Value,run
0,lstm2,mae,1.9889374436071205,0
1,lstm2,mad,1.6074173248901373,0
2,lstm2,r2,0.5270148988799388,0
