,Model,Metric,Value,run
0,lstm1v0,mae,1.8439679152365045,4
1,lstm1v0,mad,1.4500490367126462,4
2,lstm1v0,r2,0.521728951236458,4
