,Model,Metric,Value,run
0,lstm1,mae,3.0340417196202543,0
1,lstm1,mad,2.751091170776368,0
2,lstm1,r2,-0.0019174785301785402,0
