,Model,Metric,Value,run
0,lstm1v0,mae,1.9580077695403044,2
1,lstm1v0,mad,1.614774969482422,2
2,lstm1v0,r2,0.5124601707664171,2
