,Model,Metric,Value,run
0,lstm1v0,mae,1.5775324126755432,9
1,lstm1v0,mad,1.335947946990967,9
2,lstm1v0,r2,0.685379792900412,9
