,Model,Metric,Value,run
0,lstm1v0,mae,1.8738272878455697,9
1,lstm1v0,mad,1.605102523803711,9
2,lstm1v0,r2,0.5662213748574791,9
