,Model,Metric,Value,run
0,lstm1,mae,1.9543046754835356,6
1,lstm1,mad,1.5596306259765624,6
2,lstm1,r2,0.519215689952452,6
