,Model,Metric,Value,run
0,lstm2,mae,3.005405134766128,0
1,lstm2,mad,2.4755133041381834,0
2,lstm2,r2,-0.06593467909439643,0
