,Model,Metric,Value,run
0,lstm1,mae,2.82784546895876,1
1,lstm1,mad,2.3750604480895996,1
2,lstm1,r2,-0.0032058521140738705,1
