,Model,Metric,Value,run
0,lstm2,mae,3.0382475477626927,7
1,lstm2,mad,2.7655050635986327,7
2,lstm2,r2,-0.0012677174272024416,7
