,Model,Metric,Value,run
0,lstm1v0,mae,2.9559305782631675,2
1,lstm1v0,mad,2.618612856201172,2
2,lstm1v0,r2,-0.0015454935163534689,2
