,Model,Metric,Value,run
0,lstm_fcn,mae,2.839773000620077,1
1,lstm_fcn,mad,2.2943124866638183,1
2,lstm_fcn,r2,0.017885553712695068,1
