,Model,Metric,Value,run
0,lstm2,mae,2.7985909641158555,4
1,lstm2,mad,2.4848526574707037,4
2,lstm2,r2,-0.00018066645427827766,4
