,Model,Metric,Value,run
0,lstm1v0,mae,2.0745763885974253,6
1,lstm1v0,mad,1.7630287152404787,6
2,lstm1v0,r2,0.4577982867582636,6
