,Model,Metric,Value,run
0,lstm1v0,mae,2.054573743914007,3
1,lstm1v0,mad,1.7050124271240232,3
2,lstm1v0,r2,0.4559543596950991,3
