,Model,Metric,Value,run
0,lstm1,mae,2.875904598119379,6
1,lstm1,mad,2.507822565429687,6
2,lstm1,r2,-0.0111130863026212,6
