,Model,Metric,Value,run
0,lstm1,mae,2.2034638146833485,8
1,lstm1,mad,1.9535694432678223,8
2,lstm1,r2,0.43017276344180455,8
