,Model,Metric,Value,run
0,lstm2,mae,1.9551035481879266,6
1,lstm2,mad,1.5824203123779297,6
2,lstm2,r2,0.5160183549414281,6
