,Model,Metric,Value,run
0,lstm2,mae,2.978116905574253,1
1,lstm2,mad,2.6100780790405276,1
2,lstm2,r2,-0.0287062698727083,1
