,Model,Metric,Value,run
0,lstm1,mae,1.8312792822521335,7
1,lstm1,mad,1.5098446546325683,7
2,lstm1,r2,0.5675945272609886,7
