,Model,Metric,Value,run
0,lstm2,mae,2.861838646963937,1
1,lstm2,mad,2.3596528612060554,1
2,lstm2,r2,-0.000492226069406021,1
