,Model,Metric,Value,run
0,lstm2,mae,2.8998620186938613,2
1,lstm2,mad,2.5072053283996585,2
2,lstm2,r2,-0.007129514632062239,2
