,Model,Metric,Value,run
0,lstm1,mae,3.170216905850253,2
1,lstm1,mad,3.040581270477295,2
2,lstm1,r2,-0.07175040563162849,2
