,Model,Metric,Value,run
0,lstm1v0,mae,2.842693682681911,1
1,lstm1v0,mad,2.350212274810791,1
2,lstm1v0,r2,-0.00032203213678339004,1
