,Model,Metric,Value,run
0,lstm2,mae,2.8534685490917164,1
1,lstm2,mad,2.359386322021484,1
2,lstm2,r2,-2.5959237396122603e-05,1
