,Model,Metric,Value,run
0,lstm1,mae,2.2960041267934947,4
1,lstm1,mad,2.0231385850524903,4
2,lstm1,r2,0.2840714495178962,4
