,Model,Metric,Value,run
0,lstm1v0,mae,3.0346565692946883,5
1,lstm1v0,mad,2.8784756960144042,5
2,lstm1v0,r2,-0.05843188841116187,5
