,Model,Metric,Value,run
0,lstm2,mae,2.946524298226325,5
1,lstm2,mad,2.7692281988830567,5
2,lstm2,r2,-0.02620895955290603,5
