,Model,Metric,Value,run
0,lstm2,mae,2.7558264622864774,4
1,lstm2,mad,2.3395505,4
2,lstm2,r2,-0.015302599359800828,4
