,Model,Metric,Value,run
0,lstm1,mae,2.99194433353248,3
1,lstm1,mad,2.7636926533203123,3
2,lstm1,r2,-0.004575215244437825,3
