,Model,Metric,Value,run
0,lstm1,mae,2.9861683388348252,8
1,lstm1,mad,2.5368591826782225,8
2,lstm1,r2,-0.06580805380668342,8
