,Model,Metric,Value,run
0,lstm1v0,mae,2.8021487326126935,4
1,lstm1v0,mad,2.5023950231628422,4
2,lstm1v0,r2,-0.00040541666671867205,4
