,Model,Metric,Value,run
0,lstm1,mae,2.1428399954545574,6
1,lstm1,mad,1.8313959227905272,6
2,lstm1,r2,0.4347047170182795,6
