,Model,Metric,Value,run
0,lstm2,mae,2.9796232109844496,2
1,lstm2,mad,2.7199975,2
2,lstm2,r2,-0.005482941528720087,2
