,Model,Metric,Value,run
0,lstm1,mae,2.925990628896357,6
1,lstm1,mad,2.753137953674316,6
2,lstm1,r2,-0.0003968796820335019,6
