,Model,Metric,Value,run
0,lstm1,mae,2.023264376796932,1
1,lstm1,mad,1.6441273680114743,1
2,lstm1,r2,0.43886638479800055,1
