,Model,Metric,Value,run
0,lstm1v0,mae,1.9033105147401579,8
1,lstm1v0,mad,1.4546642996520998,8
2,lstm1v0,r2,0.5333196004643432,8
