,Model,Metric,Value,run
0,lstm1,mae,2.8818695358058384,6
1,lstm1,mad,2.4571915847167967,6
2,lstm1,r2,-0.031507961939340356,6
