,Model,Metric,Value,run
0,lstm2,mae,2.837500918169126,1
1,lstm2,mad,2.3555684632568354,1
2,lstm2,r2,-0.0009629182418451343,1
