,Model,Metric,Value,run
0,lstm1v0,mae,2.836461012306632,1
1,lstm1v0,mad,2.355578953674316,1
2,lstm1v0,r2,-0.0011391495838311005,1
