,Model,Metric,Value,run
0,lstm_fcn,mae,2.246558129730895,6
1,lstm_fcn,mad,1.8136665213012693,6
2,lstm_fcn,r2,0.3717448444277899,6
