,Model,Metric,Value,run
0,lstm1v0,mae,3.016559559537783,8
1,lstm1v0,mad,2.7547519235229494,8
2,lstm1v0,r2,-0.0011412472836842547,8
