,Model,Metric,Value,run
0,lstm1,mae,3.0028722600275395,0
1,lstm1,mad,2.5426939703979494,0
2,lstm1,r2,-0.04789427751995823,0
