,Model,Metric,Value,run
0,lstm1v0,mae,2.8988692653887407,6
1,lstm1v0,mad,2.583999277618408,6
2,lstm1v0,r2,-0.006703904857810361,6
