,Model,Metric,Value,run
0,lstm1,mae,2.0379807567460615,4
1,lstm1,mad,1.6168245903320315,4
2,lstm1,r2,0.4240748494699951,4
