,Model,Metric,Value,run
0,lstm1,mae,1.726846480800587,8
1,lstm1,mad,1.3540722213439937,8
2,lstm1,r2,0.6200560049919833,8
