,Model,Metric,Value,run
0,lstm1v0,mae,3.029014057311341,7
1,lstm1v0,mad,2.748891243591309,7
2,lstm1v0,r2,-0.002377232866624057,7
