,Model,Metric,Value,run
0,lstm1v0,mae,2.382883440931467,1
1,lstm1v0,mad,1.9310374968566895,1
2,lstm1v0,r2,0.28943698818022034,1
