,Model,Metric,Value,run
0,lstm2,mae,3.0023575008318555,6
1,lstm2,mad,2.9078944209289554,6
2,lstm2,r2,-0.009686927942647916,6
