,Model,Metric,Value,run
0,lstm1v0,mae,2.904509700253329,1
1,lstm1v0,mad,2.3892752296752935,1
2,lstm1v0,r2,-0.00801511951375633,1
