,Model,Metric,Value,run
0,lstm1v0,mae,3.0111072606124036,0
1,lstm1v0,mad,2.6643434638671875,0
2,lstm1v0,r2,-0.019692909839123862,0
