,Model,Metric,Value,run
0,lstm2,mae,2.984595672129705,6
1,lstm2,mad,2.867896592651367,6
2,lstm2,r2,-0.005479467083398415,6
