,Model,Metric,Value,run
0,lstm2,mae,1.802601589394538,6
1,lstm2,mad,1.4605633652954104,6
2,lstm2,r2,0.5818545066388123,6
