,Model,Metric,Value,run
0,lstm1v0,mae,3.024826186914297,0
1,lstm1v0,mad,2.7444473049316405,0
2,lstm1v0,r2,-0.005372159126394216,0
