,Model,Metric,Value,run
0,lstm1v0,mae,1.8265491346860616,2
1,lstm1v0,mad,1.5077153296813965,2
2,lstm1v0,r2,0.5753232430820867,2
