,Model,Metric,Value,run
0,lstm1,mae,2.132245851716094,5
1,lstm1,mad,1.6774128040466305,5
2,lstm1,r2,0.34812522469376794,5
