,Model,Metric,Value,run
0,lstm1,mae,2.1375765184124123,1
1,lstm1,mad,1.8164578838500978,1
2,lstm1,r2,0.38513634653703777,1
