,Model,Metric,Value,run
0,lstm2,mae,3.00704812594353,7
1,lstm2,mad,2.632604726867676,7
2,lstm2,r2,-0.00690457215450091,7
