,Model,Metric,Value,run
0,lstm1v0,mae,1.9025360300723064,9
1,lstm1v0,mad,1.659541667205811,9
2,lstm1v0,r2,0.5397542059764362,9
