,Model,Metric,Value,run
0,lstm1v0,mae,1.7333706704646519,4
1,lstm1v0,mad,1.4750486499023436,4
2,lstm1v0,r2,0.5812399068750469,4
