,Model,Metric,Value,run
0,lstm1v0,mae,3.0625719430639244,0
1,lstm1v0,mad,2.847355463256836,0
2,lstm1v0,r2,-0.00037919586140811035,0
