,Model,Metric,Value,run
0,lstm1,mae,2.9228194747374814,2
1,lstm1,mad,2.517685594238282,2
2,lstm1,r2,-0.0005745406441908241,2
