,Model,Metric,Value,run
0,lstm2,mae,3.0139496278741857,0
1,lstm2,mad,2.7251325721435546,0
2,lstm2,r2,-0.015324375311489113,0
