,Model,Metric,Value,run
0,lstm_fcn,mae,1.8876733850845506,9
1,lstm_fcn,mad,1.5546796505584712,9
2,lstm_fcn,r2,0.5415048902831406,9
