,Model,Metric,Value,run
0,lstm1v0,mae,3.176477874274117,5
1,lstm1v0,mad,3.089917282775878,5
2,lstm1v0,r2,-0.1239512953840034,5
