,Model,Metric,Value,run
0,lstm1v0,mae,3.128894858102317,7
1,lstm1v0,mad,2.848721984069824,7
2,lstm1v0,r2,-0.0053992528377899696,7
