,Model,Metric,Value,run
0,lstm_fcn,mae,3.052283289423849,9
1,lstm_fcn,mad,2.9038500578613284,9
2,lstm_fcn,r2,-0.06340219627203902,9
