,Model,Metric,Value,run
0,lstm_fcn,mae,2.074609067392873,6
1,lstm_fcn,mad,1.737490052520752,6
2,lstm_fcn,r2,0.4781924539265996,6
