,Model,Metric,Value,run
0,lstm_fcn,mae,2.6866209575282087,0
1,lstm_fcn,mad,2.28790573538208,0
2,lstm_fcn,r2,-0.015903742249852915,0
