,Model,Metric,Value,run
0,lstm1,mae,1.9372790967606761,2
1,lstm1,mad,1.483080301605225,2
2,lstm1,r2,0.4699645423865826,2
