,Model,Metric,Value,run
0,lstm1,mae,1.817857943593036,6
1,lstm1,mad,1.4808567038269045,6
2,lstm1,r2,0.5565610928022471,6
