,Model,Metric,Value,run
0,lstm1v0,mae,2.885331073341286,2
1,lstm1v0,mad,2.417634533569336,2
2,lstm1v0,r2,-0.032137901139402736,2
