,Model,Metric,Value,run
0,lstm2,mae,3.0046023584147026,3
1,lstm2,mad,2.7515534928283687,3
2,lstm2,r2,-0.007135846036168791,3
