,Model,Metric,Value,run
0,lstm2,mae,1.7449852736658789,6
1,lstm2,mad,1.36856060723877,6
2,lstm2,r2,0.5919468887098955,6
