,Model,Metric,Value,run
0,lstm1,mae,2.789219289659437,4
1,lstm1,mad,2.4648482990722655,4
2,lstm1,r2,-3.352332833794769e-05,4
