,Model,Metric,Value,run
0,lstm2,mae,2.987243803007692,6
1,lstm2,mad,2.8678970694885253,6
2,lstm2,r2,-0.0060477911596228395,6
