,Model,Metric,Value,run
0,lstm1v0,mae,1.805486865043221,8
1,lstm1v0,mad,1.4276712550048831,8
2,lstm1v0,r2,0.5979544243540134,8
