,Model,Metric,Value,run
0,lstm2,mae,2.9688589631010625,7
1,lstm2,mad,2.4173500463256836,7
2,lstm2,r2,-0.02732014421650275,7
