,Model,Metric,Value,run
0,lstm1v0,mae,3.0004351348191145,8
1,lstm1v0,mad,2.729352953674316,8
2,lstm1v0,r2,-0.008937143728605879,8
