,Model,Metric,Value,run
0,lstm2,mae,1.838868669474172,8
1,lstm2,mad,1.5460264237976071,8
2,lstm2,r2,0.5851718288366574,8
