,Model,Metric,Value,run
0,lstm1,mae,1.9305983103352642,4
1,lstm1,mad,1.58568796975708,4
2,lstm1,r2,0.4761149392056532,4
