,Model,Metric,Value,run
0,lstm2,mae,1.875586058326218,9
1,lstm2,mad,1.6496907803649905,9
2,lstm2,r2,0.567107341363667,9
