,Model,Metric,Value,run
0,lstm2,mae,2.999039018499521,8
1,lstm2,mad,2.732656685302734,8
2,lstm2,r2,-0.010286007514634044,8
