,Model,Metric,Value,run
0,lstm_fcn,mae,2.935741751827869,0
1,lstm_fcn,mad,2.269405968704224,0
2,lstm_fcn,r2,-0.17153869921516685,0
