,Model,Metric,Value,run
0,lstm1v0,mae,2.4275742406418352,8
1,lstm1v0,mad,2.0852047563476566,8
2,lstm1v0,r2,0.2777305237013413,8
