,Model,Metric,Value,run
0,lstm1v0,mae,1.76998763821059,0
1,lstm1v0,mad,1.4522687118530273,0
2,lstm1v0,r2,0.6190342112227654,0
