,Model,Metric,Value,run
0,lstm1,mae,2.4065404012097367,2
1,lstm1,mad,2.0713306974487304,2
2,lstm1,r2,0.3063892254723396,2
