,Model,Metric,Value,run
0,lstm1,mae,1.9048253830358486,7
1,lstm1,mad,1.478913038543701,7
2,lstm1,r2,0.5412284804203523,7
