,Model,Metric,Value,run
0,lstm1,mae,1.9448840270061283,8
1,lstm1,mad,1.6722314901733402,8
2,lstm1,r2,0.568468107045311,8
