,Model,Metric,Value,run
0,lstm1,mae,2.9985371836412034,3
1,lstm1,mad,2.7356566065673826,3
2,lstm1,r2,-0.005836530526758477,3
