,Model,Metric,Value,run
0,lstm1v0,mae,3.005298687374073,8
1,lstm1v0,mad,2.728331222045898,8
2,lstm1v0,r2,-0.005104436344530727,8
