,Model,Metric,Value,run
0,lstm2,mae,2.9396876547321695,3
1,lstm2,mad,2.6242300000000003,3
2,lstm2,r2,-0.00021615802179275612,3
