,Model,Metric,Value,run
0,lstm2,mae,2.8846351452383523,9
1,lstm2,mad,2.6011535176086427,9
2,lstm2,r2,-0.004997394396433208,9
