,Model,Metric,Value,run
0,lstm2,mae,1.9102740064667083,1
1,lstm2,mad,1.476821686035156,1
2,lstm2,r2,0.5219665624083414,1
