,Model,Metric,Value,run
0,lstm1,mae,2.877883998890803,9
1,lstm1,mad,2.5872694768371587,9
2,lstm1,r2,-0.011403009580217338,9
