,Model,Metric,Value,run
0,lstm1v0,mae,1.878554495023287,5
1,lstm1v0,mad,1.470481904541015,5
2,lstm1v0,r2,0.5015141557716704,5
