,Model,Metric,Value,run
0,lstm1,mae,2.995211630048312,8
1,lstm1,mad,2.6743903241577147,8
2,lstm1,r2,-0.015088777706334211,8
