,Model,Metric,Value,run
0,lstm2,mae,1.8566428552254477,8
1,lstm2,mad,1.5009988790283204,8
2,lstm2,r2,0.5724969149727497,8
