,Model,Metric,Value,run
0,lstm1v0,mae,1.864029533354539,7
1,lstm1v0,mad,1.4011535991821287,7
2,lstm1v0,r2,0.572444505220151,7
