,Model,Metric,Value,run
0,lstm1v0,mae,2.4152477479071983,7
1,lstm1v0,mad,1.915332089263916,7
2,lstm1v0,r2,0.2711306099934697,7
