,Model,Metric,Value,run
0,lstm1,mae,2.921003912017654,2
1,lstm1,mad,2.517728032745362,2
2,lstm1,r2,-0.0007742152199803343,2
