,Model,Metric,Value,run
0,lstm1,mae,2.75925218459865,4
1,lstm1,mad,2.3079338338623048,4
2,lstm1,r2,-0.009761185934667349,4
