,Model,Metric,Value,run
0,lstm1,mae,2.786528148733789,4
1,lstm1,mad,2.444805879638672,4
2,lstm1,r2,-0.0001343899759738143,4
