,Model,Metric,Value,run
0,lstm1,mae,2.9714034407202754,3
1,lstm1,mad,2.7254946873779295,3
2,lstm1,r2,-0.0013891405848582838,3
