,Model,Metric,Value,run
0,lstm2,mae,2.8725984004353955,9
1,lstm2,mad,2.4464549896850585,9
2,lstm2,r2,-0.055817578245985544,9
