,Model,Metric,Value,run
0,lstm2,mae,1.8153218246791964,8
1,lstm2,mad,1.5109650767211917,8
2,lstm2,r2,0.6027639508908952,8
