,Model,Metric,Value,run
0,lstm1,mae,2.9587981454855115,7
1,lstm1,mad,2.2988178791503904,7
2,lstm1,r2,-0.07984217667458449,7
