,Model,Metric,Value,run
0,lstm1v0,mae,2.0763187694058263,8
1,lstm1v0,mad,1.757174213317871,8
2,lstm1v0,r2,0.45895550437490185,8
