,Model,Metric,Value,run
0,lstm2,mae,2.93243164750554,4
1,lstm2,mad,2.7533568219299323,4
2,lstm2,r2,-0.042335644682845786,4
