,Model,Metric,Value,run
0,lstm_fcn,mae,2.089767623421973,7
1,lstm_fcn,mad,1.5868448861083984,7
2,lstm_fcn,r2,0.4397450856290167,7
