,Model,Metric,Value,run
0,lstm2,mae,3.0061734703561975,7
1,lstm2,mad,2.629514894958496,7
2,lstm2,r2,-0.007167550664893607,7
