,Model,Metric,Value,run
0,lstm1v0,mae,2.7957965829628746,4
1,lstm1v0,mad,2.48339796484375,4
2,lstm1v0,r2,-6.646873831650524e-05,4
