,Model,Metric,Value,run
0,lstm1v0,mae,3.0095924853490468,8
1,lstm1v0,mad,2.7173231757202148,8
2,lstm1v0,r2,-0.003007303106912884,8
