,Model,Metric,Value,run
0,lstm_fcn,mae,1.9545065398014196,9
1,lstm_fcn,mad,1.6671054513854981,9
2,lstm_fcn,r2,0.5196685293820529,9
