,Model,Metric,Value,run
0,lstm1v0,mae,2.9053247313519157,9
1,lstm1v0,mad,2.2709348714294433,9
2,lstm1v0,r2,-0.11329247001653853,9
