,Model,Metric,Value,run
0,lstm1v0,mae,1.8733256372841636,1
1,lstm1v0,mad,1.4518762965393064,1
2,lstm1v0,r2,0.5183423509846669,1
