,Model,Metric,Value,run
0,lstm1v0,mae,3.032951245219639,6
1,lstm1v0,mad,2.9798977284240724,6
2,lstm1v0,r2,-0.018163240395273617,6
