,Model,Metric,Value,run
0,lstm2,mae,2.82298383379255,1
1,lstm2,mad,2.326660415679931,1
2,lstm2,r2,0.006546679543767975,1
