,Model,Metric,Value,run
0,lstm1,mae,2.9673877303926237,3
1,lstm1,mad,2.724161976837158,3
2,lstm1,r2,-0.0009682832840580691,3
