,Model,Metric,Value,run
0,lstm1v0,mae,2.787639075402899,4
1,lstm1v0,mad,2.4533059788208007,4
2,lstm1v0,r2,-8.231964329863395e-05,4
