,Model,Metric,Value,run
0,lstm1,mae,2.9211240749815213,2
1,lstm1,mad,2.517738046325684,2
2,lstm1,r2,-0.0007625349869608833,2
