,Model,Metric,Value,run
0,lstm1v0,mae,2.758105993985522,4
1,lstm1v0,mad,2.322273915710449,4
2,lstm1v0,r2,-0.011066449023175107,4
