,Model,Metric,Value,run
0,lstm1,mae,2.132513325139308,1
1,lstm1,mad,1.7559172221069335,1
2,lstm1,r2,0.3956044170233767,1
