,Model,Metric,Value,run
0,lstm2,mae,2.7867963648443532,5
1,lstm2,mad,2.3926539768371584,5
2,lstm2,r2,-0.0008905636307243725,5
