,Model,Metric,Value,run
0,lstm1v0,mae,2.826069667403001,1
1,lstm1v0,mad,2.374993214050293,1
2,lstm1v0,r2,-0.0037497608383143533,1
