,Model,Metric,Value,run
0,lstm1,mae,1.9649592299331833,9
1,lstm1,mad,1.6896884140319823,9
2,lstm1,r2,0.5097519169502123,9
