,Model,Metric,Value,run
0,lstm1v0,mae,2.890327757731008,6
1,lstm1v0,mad,2.3785081795959475,6
2,lstm1v0,r2,-0.06246804311179033,6
