,Model,Metric,Value,run
0,lstm2,mae,1.723344392957918,3
1,lstm2,mad,1.3321687371520996,3
2,lstm2,r2,0.583872932001649,3
