,Model,Metric,Value,run
0,lstm2,mae,2.9396887928901085,5
1,lstm2,mad,2.7696268347473145,5
2,lstm2,r2,-0.024171900639315957,5
