,Model,Metric,Value,run
0,lstm1v0,mae,3.24398802648121,6
1,lstm1v0,mad,3.1953645751953124,6
2,lstm1v0,r2,-0.10628366201165096,6
