,Model,Metric,Value,run
0,lstm2,mae,2.8497417054565766,1
1,lstm2,mad,2.3435408738403316,1
2,lstm2,r2,-2.218188391633902e-06,1
