,Model,Metric,Value,run
0,mlp4,mae,1.9423314078260987,9
1,mlp4,mad,1.615395964508056,9
2,mlp4,r2,0.5112835084863853,9
