,Model,Metric,Value,run
0,mlp4,mae,3.1333162179045626,8
1,mlp4,mad,2.7541223647155757,8
2,mlp4,r2,-0.13108899443369082,8
