,Model,Metric,Value,run
0,mlp4,mae,2.0998723809885718,6
1,mlp4,mad,1.71233968371582,6
2,mlp4,r2,0.43165605449942357,6
