,Model,Metric,Value,run
0,mlp4,mae,2.311413995712448,6
1,mlp4,mad,1.991217642700195,6
2,mlp4,r2,0.3691716556055643,6
