,Model,Metric,Value,run
0,mlp4,mae,2.268029677788451,5
1,mlp4,mad,1.8156119851989745,5
2,mlp4,r2,0.30346643681187546,5
