,Model,Metric,Value,run
0,mlp4,mae,2.1031851444194922,1
1,mlp4,mad,1.5855564698944087,1
2,mlp4,r2,0.3998627149385444,1
