,Model,Metric,Value,run
0,mlp4,mae,2.251728990146008,8
1,mlp4,mad,1.7289210021362305,8
2,mlp4,r2,0.34735414701002154,8
