,Model,Metric,Value,run
0,mlp4,mae,2.6641895187621065,6
1,mlp4,mad,1.9277288489685063,6
2,mlp4,r2,0.06152226703608421,6
