,Model,Metric,Value,run
0,mlp4,mae,2.592487271541742,1
1,mlp4,mad,2.184216341903687,1
2,mlp4,r2,0.1854119425080779,1
