,Model,Metric,Value,run
0,mlp4,mae,1.8384876742893261,5
1,mlp4,mad,1.4362503141784666,5
2,mlp4,r2,0.4908925718142003,5
