,Model,Metric,Value,run
0,mlp4,mae,2.2460279191694994,6
1,mlp4,mad,1.704109972290039,6
2,mlp4,r2,0.32219504956283207,6
