,Model,Metric,Value,run
0,mlp4,mae,2.362966865138714,5
1,mlp4,mad,2.050246633697509,5
2,mlp4,r2,0.28679251619152435,5
