,Model,Metric,Value,run
0,mlp4,mae,2.357903758076343,2
1,mlp4,mad,1.6442922764892582,2
2,mlp4,r2,-0.576125953379478,2
