,Model,Metric,Value,run
0,mlp4,mae,2.270995852800223,7
1,mlp4,mad,1.6266199985351557,7
2,mlp4,r2,-0.4462334337820888,7
