,Model,Metric,Value,run
0,mlp4,mae,2.192634629105704,5
1,mlp4,mad,1.844798050720215,5
2,mlp4,r2,0.319332860175071,5
