,Model,Metric,Value,run
0,mlp4,mae,2.3707272552634437,9
1,mlp4,mad,2.0043346874084476,9
2,mlp4,r2,0.3114917772020389,9
