,Model,Metric,Value,run
0,mlp4,mae,2.606718256992885,3
1,mlp4,mad,2.184096856689453,3
2,mlp4,r2,0.09038444278590674,3
