,Model,Metric,Value,run
0,mlp4,mae,2.117426966897566,9
1,mlp4,mad,1.616364027801514,9
2,mlp4,r2,0.1552350922790433,9
