,Model,Metric,Value,run
0,mlp4,mae,2.0946879437056323,6
1,mlp4,mad,1.7059167221679687,6
2,mlp4,r2,0.4225356289251482,6
