,Model,Metric,Value,run
0,mlp4,mae,2.159712043780484,0
1,mlp4,mad,1.677788307312012,0
2,mlp4,r2,0.1077768002719991,0
