,Model,Metric,Value,run
0,mlp4,mae,2.240603259705093,0
1,mlp4,mad,1.6804221718749996,0
2,mlp4,r2,0.36238088326011086,0
