,Model,Metric,Value,run
0,mlp4,mae,2.118722017104013,6
1,mlp4,mad,1.6819918341979978,6
2,mlp4,r2,0.393434638226969,6
