,Model,Metric,Value,run
0,mlp4,mae,3.5652914022777678,7
1,mlp4,mad,3.2505847047119136,7
2,mlp4,r2,-0.20806961501289267,7
