,Model,Metric,Value,run
0,mlp4,mae,2.37830446868842,9
1,mlp4,mad,1.9919673746337896,9
2,mlp4,r2,0.21017138074941033,9
