,Model,Metric,Value,run
0,mlp4,mae,2.355781654643719,2
1,mlp4,mad,1.6888193484954837,2
2,mlp4,r2,-0.4888690946506422,2
