,Model,Metric,Value,run
0,mlp4,mae,2.404481063464909,2
1,mlp4,mad,1.881572391433716,2
2,mlp4,r2,0.1956601886173328,2
