,Model,Metric,Value,run
0,mlp4,mae,1.8790871929365724,1
1,mlp4,mad,1.4612725942840576,1
2,mlp4,r2,0.5226245384656797,1
