,Model,Metric,Value,run
0,mlp4,mae,2.3469345294200354,5
1,mlp4,mad,2.00896404309082,5
2,mlp4,r2,0.2421579853372524,5
