,Model,Metric,Value,run
0,mlp4,mae,2.2337799109300884,2
1,mlp4,mad,1.7167673580780032,2
2,mlp4,r2,0.34360721703958597,2
