,Model,Metric,Value,run
0,mlp4,mae,2.372350238427047,0
1,mlp4,mad,1.9187334978942872,0
2,mlp4,r2,0.30904820050685056,0
