,Model,Metric,Value,run
0,mlp4,mae,2.404081512736897,4
1,mlp4,mad,1.9290347406005859,4
2,mlp4,r2,0.23462145471048412,4
