,Model,Metric,Value,run
0,mlp4,mae,2.203559634260408,0
1,mlp4,mad,1.7269459172973636,0
2,mlp4,r2,0.3950911789273138,0
