,Model,Metric,Value,run
0,mlp4,mae,2.4072909450387643,6
1,mlp4,mad,2.116577684234619,6
2,mlp4,r2,0.30472772796610703,6
