,Model,Metric,Value,run
0,mlp4,mae,2.482716169992552,5
1,mlp4,mad,2.0765925955810545,5
2,mlp4,r2,0.16518550455972547,5
