,Model,Metric,Value,run
0,mlp4,mae,2.293003406747336,6
1,mlp4,mad,1.8503043964843755,6
2,mlp4,r2,0.3287982312292622,6
