,Model,Metric,Value,run
0,mlp4,mae,2.216501169915503,1
1,mlp4,mad,1.8325590558776854,1
2,mlp4,r2,0.3605701796792148,1
