,Model,Metric,Value,run
0,mlp4,mae,1.969135085952172,4
1,mlp4,mad,1.6479307421264648,4
2,mlp4,r2,0.45550824354950936,4
