,Model,Metric,Value,run
0,mlp4,mae,2.190352223744906,4
1,mlp4,mad,1.8160017734985354,4
2,mlp4,r2,0.3346860666546051,4
