,Model,Metric,Value,run
0,mlp4,mae,2.5015976136985194,0
1,mlp4,mad,2.2086054559631343,0
2,mlp4,r2,0.25404866414253013,0
