,Model,Metric,Value,run
0,mlp4,mae,2.330860672778622,5
1,mlp4,mad,1.71346624307251,5
2,mlp4,r2,-0.5201458558407475,5
