,Model,Metric,Value,run
0,mlp4,mae,2.2239722650558136,7
1,mlp4,mad,1.6396528106689447,7
2,mlp4,r2,0.35791814332465477,7
