,Model,Metric,Value,run
0,mlp4,mae,2.4079108934057047,4
1,mlp4,mad,2.0458473140563966,4
2,mlp4,r2,0.22513633788270848,4
