,Model,Metric,Value,run
0,mlp4,mae,2.094349356907352,1
1,mlp4,mad,1.651472598403931,1
2,mlp4,r2,0.39511457099983016,1
