,Model,Metric,Value,run
0,mlp4,mae,2.268855875410981,7
1,mlp4,mad,1.8358067501525879,7
2,mlp4,r2,0.37368975090050294,7
