,Model,Metric,Value,run
0,mlp4,mae,2.0706714795456773,6
1,mlp4,mad,1.7454165793457035,6
2,mlp4,r2,0.4582982417858341,6
