,Model,Metric,Value,run
0,mlp4,mae,2.043476931471395,3
1,mlp4,mad,1.5536508792419434,3
2,mlp4,r2,0.4413329286026796,3
