,Model,Metric,Value,run
0,mlp4,mae,2.439307655181633,2
1,mlp4,mad,2.0236026329956056,2
2,mlp4,r2,0.2524363300746877,2
