,Model,Metric,Value,run
0,mlp4,mae,2.395327206696856,2
1,mlp4,mad,1.9009567260131832,2
2,mlp4,r2,0.21910232089856696,2
