,Model,Metric,Value,run
0,mlp4,mae,1.8019774504163975,4
1,mlp4,mad,1.4134486061096192,4
2,mlp4,r2,0.5251181539338652,4
