,Model,Metric,Value,run
0,mlp4,mae,2.3252155701377784,2
1,mlp4,mad,1.8225286579284665,2
2,mlp4,r2,0.26663895820295125,2
