,Model,Metric,Value,run
0,mlp4,mae,2.219438876856793,8
1,mlp4,mad,1.83478177331543,8
2,mlp4,r2,0.386710457306638,8
