,Model,Metric,Value,run
0,mlp4,mae,2.065131858038012,6
1,mlp4,mad,1.62404925213623,6
2,mlp4,r2,0.43857940290304465,6
