,Model,Metric,Value,run
0,mlp4,mae,2.060647641824995,9
1,mlp4,mad,1.8599498616943357,9
2,mlp4,r2,0.48544144001956757,9
