,Model,Metric,Value,run
0,mlp4,mae,2.911066007104224,7
1,mlp4,mad,2.483375409851074,7
2,mlp4,r2,0.06103700110837529,7
