,Model,Metric,Value,run
0,mlp4,mae,2.0792974305323506,3
1,mlp4,mad,1.7332058428344728,3
2,mlp4,r2,0.45061429968675104,3
