,Model,Metric,Value,run
0,mlp4,mae,2.235577211323665,0
1,mlp4,mad,1.7407138086547853,0
2,mlp4,r2,0.38529417917841946,0
