,Model,Metric,Value,run
0,mlp4,mae,2.267225966557597,2
1,mlp4,mad,1.746698369537353,2
2,mlp4,r2,0.34457616529242485,2
