,Model,Metric,Value,run
0,mlp4,mae,2.172358564291273,2
1,mlp4,mad,1.683646247314453,2
2,mlp4,r2,0.3658296383351698,2
