,Model,Metric,Value,run
0,mlp4,mae,2.2103078521462742,4
1,mlp4,mad,1.6541094924468993,4
2,mlp4,r2,0.26962640618854994,4
