,Model,Metric,Value,run
0,mlp4,mae,2.299112471701989,7
1,mlp4,mad,1.6189392738342292,7
2,mlp4,r2,-0.26593564280666016,7
