,Model,Metric,Value,run
0,mlp4,mae,2.1798156971008806,4
1,mlp4,mad,1.6992558381042482,4
2,mlp4,r2,0.30527000496561807,4
