,Model,Metric,Value,run
0,mlp4,mae,2.002291951442928,9
1,mlp4,mad,1.627013394454956,9
2,mlp4,r2,0.4620864353264468,9
