,Model,Metric,Value,run
0,mlp4,mae,2.671727736084404,3
1,mlp4,mad,2.549138848632812,3
2,mlp4,r2,0.17408326201879465,3
