,Model,Metric,Value,run
0,mlp4,mae,2.3150334343570247,2
1,mlp4,mad,1.8712319385375977,2
2,mlp4,r2,0.3203428127138138,2
