,Model,Metric,Value,run
0,mlp4,mae,2.239157982347258,4
1,mlp4,mad,1.8943068517150876,4
2,mlp4,r2,0.3100410634094495,4
