,Model,Metric,Value,run
0,mlp4,mae,2.345347922140687,4
1,mlp4,mad,1.7677452129211426,4
2,mlp4,r2,0.17877415227099458,4
