,Model,Metric,Value,run
0,mlp4,mae,2.493047891551594,2
1,mlp4,mad,2.154999129348755,2
2,mlp4,r2,0.19821024880917193,2
