,Model,Metric,Value,run
0,mlp4,mae,2.9155105094477056,0
1,mlp4,mad,2.480084387145996,0
2,mlp4,r2,-0.022489604858454415,0
