,Model,Metric,Value,run
0,mlp4,mae,2.1021894341316645,4
1,mlp4,mad,1.830841914611816,4
2,mlp4,r2,0.40778051665997583,4
