,Model,Metric,Value,run
0,mlp4,mae,2.4280936724328264,6
1,mlp4,mad,2.170126949737549,6
2,mlp4,r2,0.3063581585039188,6
