,Model,Metric,Value,run
0,mlp4,mae,2.2929429777321446,3
1,mlp4,mad,1.8805486254272465,3
2,mlp4,r2,0.32648903685114394,3
