,Model,Metric,Value,run
0,mlp4,mae,2.5966852354784113,2
1,mlp4,mad,2.151021555969238,2
2,mlp4,r2,0.15443371742273426,2
