,Model,Metric,Value,run
0,mlp4,mae,2.593162596655374,2
1,mlp4,mad,1.8888872661132812,2
2,mlp4,r2,0.09094953032688535,2
