,Model,Metric,Value,run
0,mlp4,mae,2.304562870137812,2
1,mlp4,mad,1.916040528198243,2
2,mlp4,r2,0.3480097668377633,2
