,Model,Metric,Value,run
0,mlp4,mae,2.474326382962824,7
1,mlp4,mad,2.0530933185272215,7
2,mlp4,r2,0.29692428487718414,7
