,Model,Metric,Value,run
0,mlp4,mae,2.0328782365245606,4
1,mlp4,mad,1.5407117445678713,4
2,mlp4,r2,0.3565694276337593,4
