,Model,Metric,Value,run
0,mlp4,mae,2.117673850163554,7
1,mlp4,mad,1.4651853410491946,7
2,mlp4,r2,0.38746693279596867,7
