,Model,Metric,Value,run
0,mlp4,mae,2.3070347580582333,3
1,mlp4,mad,1.9496911980590816,3
2,mlp4,r2,0.3447028880368681,3
