,Model,Metric,Value,run
0,mlp4,mae,2.2875117440229142,0
1,mlp4,mad,1.8128891554870608,0
2,mlp4,r2,0.336235778672752,0
