,Model,Metric,Value,run
0,mlp4,mae,2.1862963599939036,8
1,mlp4,mad,1.704000204284668,8
2,mlp4,r2,0.35663207472845027,8
