,Model,Metric,Value,run
0,mlp4,mae,2.389822729591789,8
1,mlp4,mad,2.0192503024597164,8
2,mlp4,r2,0.33024235313600336,8
