,Model,Metric,Value,run
0,mlp4,mae,2.417782833095215,8
1,mlp4,mad,2.0404360262756343,8
2,mlp4,r2,0.29433154537658135,8
