,Model,Metric,Value,run
0,mlp4,mae,2.4021516062557517,0
1,mlp4,mad,1.7533469296875008,0
2,mlp4,r2,-0.39436600910727404,0
