,Model,Metric,Value,run
0,mlp4,mae,2.0708738399923976,1
1,mlp4,mad,1.5936645635833742,1
2,mlp4,r2,0.4111677622525738,1
