,Model,Metric,Value,run
0,mlp4,mae,2.228315265287294,7
1,mlp4,mad,1.6815036352233887,7
2,mlp4,r2,0.185544313918233,7
