,Model,Metric,Value,run
0,mlp4,mae,1.988095213443295,9
1,mlp4,mad,1.6886092049102785,9
2,mlp4,r2,0.49187018259537696,9
