,Model,Metric,Value,run
0,mlp4,mae,2.4647637601415613,9
1,mlp4,mad,2.1682151597290042,9
2,mlp4,r2,0.2722422755841136,9
