,Model,Metric,Value,run
0,mlp4,mae,3.0369621476478157,2
1,mlp4,mad,2.4038047724914553,2
2,mlp4,r2,-0.2043138110990359,2
