,Model,Metric,Value,run
0,mlp4,mae,2.319053533764263,5
1,mlp4,mad,1.9407244708862308,5
2,mlp4,r2,0.3109091200464148,5
