,Model,Metric,Value,run
0,mlp4,mae,2.4928776917504107,7
1,mlp4,mad,2.1004756712646486,7
2,mlp4,r2,0.2895545796296841,7
