,Model,Metric,Value,run
0,mlp4,mae,2.0652296630065416,6
1,mlp4,mad,1.6183070339965822,6
2,mlp4,r2,0.44386560222308435,6
