,Model,Metric,Value,run
0,mlp4,mae,2.8797989875622423,7
1,mlp4,mad,2.4980695531616215,7
2,mlp4,r2,0.08857118935157304,7
