,Model,Metric,Value,run
0,mlp4,mae,3.0429219805145262,5
1,mlp4,mad,2.8529564115600587,5
2,mlp4,r2,-0.08330240616300166,5
