,Model,Metric,Value,run
0,mlp4,mae,2.7488833128617673,0
1,mlp4,mad,2.254681615814209,0
2,mlp4,r2,0.10237337670590307,0
