,Model,Metric,Value,run
0,mlp4,mae,2.404377521728264,5
1,mlp4,mad,2.148446383514404,5
2,mlp4,r2,0.2833731278835473,5
