,Model,Metric,Value,run
0,mlp4,mae,2.7464422660429397,8
1,mlp4,mad,2.469949916168213,8
2,mlp4,r2,0.1918123173266315,8
