,Model,Metric,Value,run
0,mlp4,mae,2.2849407849891583,1
1,mlp4,mad,1.8657653119812014,1
2,mlp4,r2,0.3063268602562176,1
