,Model,Metric,Value,run
0,mlp4,mae,3.492930887541718,6
1,mlp4,mad,3.4158829589538575,6
2,mlp4,r2,-0.26237573861063224,6
