,Model,Metric,Value,run
0,mlp4,mae,2.4225460554340907,7
1,mlp4,mad,1.8985426129760743,7
2,mlp4,r2,0.26869865128110815,7
