,Model,Metric,Value,run
0,mlp4,mae,2.5626549672477217,1
1,mlp4,mad,1.9339492690429694,1
2,mlp4,r2,0.14668732279615115,1
