,Model,Metric,Value,run
0,mlp4,mae,2.24164511021088,1
1,mlp4,mad,1.603247079803467,1
2,mlp4,r2,0.31974481314473013,1
