,Model,Metric,Value,run
0,mlp4,mae,2.3561148690390112,3
1,mlp4,mad,2.130605380279541,3
2,mlp4,r2,0.37797310242396964,3
