,Model,Metric,Value,run
0,mlp4,mae,1.8568268858939372,8
1,mlp4,mad,1.5330545373535154,8
2,mlp4,r2,0.5810394816128972,8
