,Model,Metric,Value,run
0,mlp4,mae,2.4373639465844708,1
1,mlp4,mad,2.0666829654541017,1
2,mlp4,r2,0.2453772818945088,1
