,Model,Metric,Value,run
0,mlp4,mae,2.090881148823497,3
1,mlp4,mad,1.471010761749267,3
2,mlp4,r2,0.3716128509470762,3
