,Model,Metric,Value,run
0,mlp4,mae,2.5979785478500954,7
1,mlp4,mad,2.0652486578063964,7
2,mlp4,r2,0.18066543118257683,7
