,Model,Metric,Value,run
0,mlp4,mae,1.9739826144928145,4
1,mlp4,mad,1.5320671439819336,4
2,mlp4,r2,0.43068849666949927,4
