,Model,Metric,Value,run
0,mlp4,mae,2.4382392685898586,0
1,mlp4,mad,1.9653936842346194,0
2,mlp4,r2,0.2765341663842432,0
