,Model,Metric,Value,run
0,mlp4,mae,2.2311321788509493,1
1,mlp4,mad,1.655162717849731,1
2,mlp4,r2,0.3038456885900509,1
