,Model,Metric,Value,run
0,mlp4,mae,2.18534640837835,2
1,mlp4,mad,1.790187663604736,2
2,mlp4,r2,0.38376372800612335,2
