,Model,Metric,Value,run
0,mlp4,mae,2.465576605656215,9
1,mlp4,mad,1.9691764398651128,9
2,mlp4,r2,0.19990919736237323,9
