,Model,Metric,Value,run
0,mlp4,mae,2.813078928950551,7
1,mlp4,mad,2.4942559338684083,7
2,mlp4,r2,0.13862041573214012,7
