,Model,Metric,Value,run
0,mlp4,mae,2.3611770660236067,9
1,mlp4,mad,1.7002804838867194,9
2,mlp4,r2,0.09163450503995818,9
