,Model,Metric,Value,run
0,mlp4,mae,2.177260992867941,1
1,mlp4,mad,1.661473154052734,1
2,mlp4,r2,0.37312079826180233,1
