,Model,Metric,Value,run
0,mlp4,mae,1.9477738340672923,5
1,mlp4,mad,1.4582348102722165,5
2,mlp4,r2,0.4264937520194102,5
