,Model,Metric,Value,run
0,mlp4,mae,2.1026379328716405,8
1,mlp4,mad,1.6517822456970217,8
2,mlp4,r2,0.41337413950345725,8
