,Model,Metric,Value,run
0,mlp4,mae,2.614859216860425,2
1,mlp4,mad,2.1472123416442876,2
2,mlp4,r2,0.18685327084258807,2
