,Model,Metric,Value,run
0,mlp4,mae,2.548376415068071,6
1,mlp4,mad,1.969863401977539,6
2,mlp4,r2,0.1637160510113117,6
