,Model,Metric,Value,run
0,mlp4,mae,2.258042109254774,4
1,mlp4,mad,1.845396820465088,4
2,mlp4,r2,0.33869627087322984,4
