,Model,Metric,Value,run
0,mlp4,mae,2.181587158639174,3
1,mlp4,mad,1.7123674053955078,3
2,mlp4,r2,0.3843285185579618,3
