,Model,Metric,Value,run
0,mlp4,mae,1.9788752468653248,4
1,mlp4,mad,1.5475265349426275,4
2,mlp4,r2,0.42617987030026705,4
