,Model,Metric,Value,run
0,mlp4,mae,2.120813669560275,3
1,mlp4,mad,1.8098225086364748,3
2,mlp4,r2,0.4304219903285226,3
