,Model,Metric,Value,run
0,mlp4,mae,2.296360887662615,6
1,mlp4,mad,1.829274703277588,6
2,mlp4,r2,0.3272934410206808,6
