,Model,Metric,Value,run
0,mlp4,mae,1.8469376504115007,3
1,mlp4,mad,1.399955528564453,3
2,mlp4,r2,0.5276044250122603,3
