,Model,Metric,Value,run
0,mlp4,mae,2.9656853813180613,4
1,mlp4,mad,2.435255781555176,4
2,mlp4,r2,-0.2719768104623075,4
