,Model,Metric,Value,run
0,mlp4,mae,2.467477689635015,6
1,mlp4,mad,2.2257270989685054,6
2,mlp4,r2,0.31932076398883025,6
