,Model,Metric,Value,run
0,mlp4,mae,1.9891508424473021,0
1,mlp4,mad,1.540243897613525,0
2,mlp4,r2,0.48558857655221754,0
