,Model,Metric,Value,run
0,mlp4,mae,2.2381045923136615,0
1,mlp4,mad,1.8707120910034183,0
2,mlp4,r2,0.4130198424325551,0
