,Model,Metric,Value,run
0,mlp4,mae,2.026366373330588,5
1,mlp4,mad,1.5500728352813713,5
2,mlp4,r2,0.3851446368072692,5
