,Model,Metric,Value,run
0,mlp4,mae,2.132804737935412,9
1,mlp4,mad,1.852459490722656,9
2,mlp4,r2,0.42543111888496166,9
