,Model,Metric,Value,run
0,mlp4,mae,2.7179857579799904,1
1,mlp4,mad,2.338175839050293,1
2,mlp4,r2,0.13702225542855972,1
