,Model,Metric,Value,run
0,mlp4,mae,2.13940211733489,5
1,mlp4,mad,1.7766846186828613,5
2,mlp4,r2,0.37130576054573516,5
