,Model,Metric,Value,run
0,mlp4,mae,2.3158828790323445,7
1,mlp4,mad,1.6589918156127927,7
2,mlp4,r2,0.28069804315077174,7
