,Model,Metric,Value,run
0,mlp4,mae,2.3406975704214075,2
1,mlp4,mad,1.8196461827392572,2
2,mlp4,r2,0.27551347267813986,2
