,Model,Metric,Value,run
0,mlp4,mae,2.5627541542329477,1
1,mlp4,mad,1.9294891914367671,1
2,mlp4,r2,0.13449079392052232,1
