,Model,Metric,Value,run
0,mlp4,mae,2.152371228951674,8
1,mlp4,mad,1.6683608296813963,8
2,mlp4,r2,0.4045245125241689,8
