,Model,Metric,Value,run
0,mlp4,mae,2.4049074178496976,8
1,mlp4,mad,1.8780668706817627,8
2,mlp4,r2,0.24170772178538558,8
