,Model,Metric,Value,run
0,mlp4,mae,2.169013373304933,3
1,mlp4,mad,1.6594976537780761,3
2,mlp4,r2,0.379438694973005,3
