,Model,Metric,Value,run
0,mlp4,mae,2.033157966816829,4
1,mlp4,mad,1.659083750701905,4
2,mlp4,r2,0.4199910134005891,4
