,Model,Metric,Value,run
0,mlp4,mae,2.541828519598489,4
1,mlp4,mad,2.3272184701538086,4
2,mlp4,r2,0.2012379534837001,4
