,Model,Metric,Value,run
0,mlp4,mae,2.080430325001643,8
1,mlp4,mad,1.6060451341857909,8
2,mlp4,r2,0.42924160284816504,8
