,Model,Metric,Value,run
0,mlp4,mae,2.278078055151845,4
1,mlp4,mad,1.7686705833435061,4
2,mlp4,r2,0.22445373792744638,4
