,Model,Metric,Value,run
0,mlp4,mae,2.7557999834241764,1
1,mlp4,mad,2.5481312716064455,1
2,mlp4,r2,0.1341250492654431,1
