,Model,Metric,Value,run
0,mlp4,mae,2.580646460737165,7
1,mlp4,mad,1.7752524283447269,7
2,mlp4,r2,0.12081744706649022,7
