,Model,Metric,Value,run
0,mlp4,mae,2.4223913890581237,9
1,mlp4,mad,2.173221498504639,9
2,mlp4,r2,0.3000627274473472,9
