,Model,Metric,Value,run
0,mlp4,mae,2.052200863914825,6
1,mlp4,mad,1.823573844268799,6
2,mlp4,r2,0.4797514130748851,6
