,Model,Metric,Value,run
0,mlp4,mae,2.1172572671920444,4
1,mlp4,mad,1.6555806571655278,4
2,mlp4,r2,0.33494111533162185,4
