,Model,Metric,Value,run
0,mlp4,mae,2.531212592253465,6
1,mlp4,mad,2.334753791564941,6
2,mlp4,r2,0.24651549272800155,6
