,Model,Metric,Value,run
0,mlp4,mae,2.1449944421618112,1
1,mlp4,mad,1.5985510940856926,1
2,mlp4,r2,0.3691574910350024,1
