,Model,Metric,Value,run
0,mlp4,mae,2.3146591546396107,4
1,mlp4,mad,1.8785163156433105,4
2,mlp4,r2,0.25026573669101926,4
