,Model,Metric,Value,run
0,mlp4,mae,2.2965930224034237,7
1,mlp4,mad,1.9435279527893061,7
2,mlp4,r2,0.3740157967260995,7
