,Model,Metric,Value,run
0,mlp4,mae,2.5656025799158955,7
1,mlp4,mad,2.0722528681030274,7
2,mlp4,r2,0.1820631676968102,7
