,Model,Metric,Value,run
0,mlp4,mae,2.7289799504727585,6
1,mlp4,mad,2.5468269816284184,6
2,mlp4,r2,0.19178593341907013,6
