,Model,Metric,Value,run
0,mlp4,mae,2.1930493362115713,8
1,mlp4,mad,1.7680694393920895,8
2,mlp4,r2,0.4102521078560255,8
