,Model,Metric,Value,run
0,mlp4,mae,2.529742151806339,6
1,mlp4,mad,2.1740433045043943,6
2,mlp4,r2,0.23710715549665806,6
