,Model,Metric,Value,run
0,mlp4,mae,2.3680363837515865,0
1,mlp4,mad,1.9356996191101072,0
2,mlp4,r2,0.31163916767344046,0
