,Model,Metric,Value,run
0,mlp4,mae,2.482941027820713,7
1,mlp4,mad,2.0877023536376957,7
2,mlp4,r2,0.29106697364195133,7
