,Model,Metric,Value,run
0,mlp4,mae,2.282723174441998,9
1,mlp4,mad,1.8913030922851561,9
2,mlp4,r2,0.3255913069858879,9
