,Model,Metric,Value,run
0,mlp4,mae,2.1134692349389885,6
1,mlp4,mad,1.709228179870605,6
2,mlp4,r2,0.4033669448337631,6
