,Model,Metric,Value,run
0,mlp4,mae,2.4950198437247644,2
1,mlp4,mad,1.9989539140624997,2
2,mlp4,r2,0.1529784423615157,2
