,Model,Metric,Value,run
0,mlp4,mae,2.5185245429935663,7
1,mlp4,mad,2.1308574947814938,7
2,mlp4,r2,0.2975182382226098,7
