,Model,Metric,Value,run
0,mlp4,mae,2.367738725014152,0
1,mlp4,mad,1.8892911117248534,0
2,mlp4,r2,0.29670132464466004,0
