,Model,Metric,Value,run
0,mlp4,mae,2.0396174379673218,5
1,mlp4,mad,1.509645774139404,5
2,mlp4,r2,0.3960789831820324,5
