,Model,Metric,Value,run
0,mlp4,mae,2.2176441639618085,0
1,mlp4,mad,1.684769518249512,0
2,mlp4,r2,0.10688645832054311,0
