,Model,Metric,Value,run
0,mlp4,mae,2.3371968977454047,8
1,mlp4,mad,1.818253572174072,8
2,mlp4,r2,0.3090251851274516,8
