,Model,Metric,Value,run
0,mlp4,mae,2.1459330341034772,7
1,mlp4,mad,1.71882175668335,7
2,mlp4,r2,0.43764903276409195,7
