,Model,Metric,Value,run
0,mlp4,mae,2.486350854952257,8
1,mlp4,mad,1.8250763444824223,8
2,mlp4,r2,0.19854020567598496,8
