,Model,Metric,Value,run
0,mlp4,mae,2.1220027919311524,9
1,mlp4,mad,1.7215246357727052,9
2,mlp4,r2,0.43242191704124744,9
