,Model,Metric,Value,run
0,mlp4,mae,2.1327256205402416,4
1,mlp4,mad,1.6482586659851073,4
2,mlp4,r2,0.3403573945482612,4
