,Model,Metric,Value,run
0,mlp4,mae,2.5547798586081205,0
1,mlp4,mad,2.085773953979492,0
2,mlp4,r2,0.21670434582090758,0
