,Model,Metric,Value,run
0,mlp4,mae,2.1088367212868993,9
1,mlp4,mad,1.8219268111267093,9
2,mlp4,r2,0.45733900289567475,9
