,Model,Metric,Value,run
0,mlp4,mae,2.2954885025787775,8
1,mlp4,mad,1.752413177459716,8
2,mlp4,r2,0.3193453549152315,8
