,Model,Metric,Value,run
0,mlp4,mae,2.315988076851897,1
1,mlp4,mad,1.9824466293640137,1
2,mlp4,r2,0.3345847903054433,1
