,Model,Metric,Value,run
0,mlp4,mae,2.1478626480507486,9
1,mlp4,mad,1.7697090882873532,9
2,mlp4,r2,0.3943943788843056,9
