,Model,Metric,Value,run
0,mlp4,mae,2.4250026974924945,7
1,mlp4,mad,1.9089497189331053,7
2,mlp4,r2,0.27976856658513216,7
