,Model,Metric,Value,run
0,mlp4,mae,3.3102873917953994,1
1,mlp4,mad,3.0455966100158687,1
2,mlp4,r2,-0.2047066125611181,1
