,Model,Metric,Value,run
0,mlp4,mae,3.383113865387466,3
1,mlp4,mad,3.2444355762634274,3
2,mlp4,r2,-0.20935441002191735,3
