,Model,Metric,Value,run
0,mlp4,mae,2.1514394923075577,3
1,mlp4,mad,1.7910462127685545,3
2,mlp4,r2,0.38445810149026327,3
