,Model,Metric,Value,run
0,mlp4,mae,2.219677194063207,2
1,mlp4,mad,1.9085364492797856,2
2,mlp4,r2,0.3616233846979131,2
