,Model,Metric,Value,run
0,mlp4,mae,2.295487125560886,5
1,mlp4,mad,1.856164605743408,5
2,mlp4,r2,0.22467979345499378,5
