,Model,Metric,Value,run
0,mlp4,mae,2.1325280042157013,8
1,mlp4,mad,1.645412328399658,8
2,mlp4,r2,0.41844413020389526,8
