,Model,Metric,Value,run
0,mlp4,mae,2.2499888975677487,2
1,mlp4,mad,1.7778925358276365,2
2,mlp4,r2,0.32545957561367134,2
