,Model,Metric,Value,run
0,mlp4,mae,2.3849076039771613,0
1,mlp4,mad,1.8213059764404296,0
2,mlp4,r2,0.14759187341050017,0
