,Model,Metric,Value,run
0,mlp4,mae,2.154921456979018,9
1,mlp4,mad,1.7812715085754398,9
2,mlp4,r2,0.4084130015513633,9
