,Model,Metric,Value,run
0,mlp4,mae,2.6955688000429596,9
1,mlp4,mad,2.4962823795776368,9
2,mlp4,r2,0.1454199656551034,9
