,Model,Metric,Value,run
0,mlp4,mae,2.0681115903721903,3
1,mlp4,mad,1.6612316383819574,3
2,mlp4,r2,0.4269085050389585,3
