,Model,Metric,Value,run
0,mlp4,mae,2.963336594238365,6
1,mlp4,mad,2.8995016831970215,6
2,mlp4,r2,0.0801674915707804,6
