,Model,Metric,Value,run
0,mlp4,mae,2.106580605830098,5
1,mlp4,mad,1.8080323316040037,5
2,mlp4,r2,0.4022889952189497,5
