,Model,Metric,Value,run
0,mlp4,mae,2.2101722172839824,6
1,mlp4,mad,1.687224750564575,6
2,mlp4,r2,0.3513333661972071,6
