,Model,Metric,Value,run
0,mlp4,mae,2.5139852569121475,3
1,mlp4,mad,2.1474668424072267,3
2,mlp4,r2,0.24767558638324483,3
