,Model,Metric,Value,run
0,mlp4,mae,2.3726510375484002,1
1,mlp4,mad,1.7477524161529545,1
2,mlp4,r2,0.22910423076860698,1
