,Model,Metric,Value,run
0,mlp4,mae,2.289349661581857,6
1,mlp4,mad,1.814426552520752,6
2,mlp4,r2,0.32114262256011616,6
