,Model,Metric,Value,run
0,mlp4,mae,2.7004458210331843,5
1,mlp4,mad,2.319209894683838,5
2,mlp4,r2,0.06234988019687171,5
