,Model,Metric,Value,run
0,mlp4,mae,1.9896140031903442,1
1,mlp4,mad,1.5471873779296876,1
2,mlp4,r2,0.45830053842821106,1
