,Model,Metric,Value,run
0,mlp4,mae,2.2319877258553977,1
1,mlp4,mad,1.8794592851257326,1
2,mlp4,r2,0.38076340740412307,1
