,Model,Metric,Value,run
0,mlp4,mae,2.425060950693277,3
1,mlp4,mad,1.7752365985260008,3
2,mlp4,r2,0.1864391126954129,3
