,Model,Metric,Value,run
0,mlp4,mae,2.306073980952588,8
1,mlp4,mad,1.915817000793457,8
2,mlp4,r2,0.353221764216185,8
