,Model,Metric,Value,run
0,mlp4,mae,2.242059426262908,9
1,mlp4,mad,1.8152634573059085,9
2,mlp4,r2,0.34586962630596896,9
