,Model,Metric,Value,run
0,mlp4,mae,2.128986249231443,9
1,mlp4,mad,1.7417719079589844,9
2,mlp4,r2,0.42123059824795395,9
