,Model,Metric,Value,run
0,mlp4,mae,2.6308288027582694,5
1,mlp4,mad,2.299931146057129,5
2,mlp4,r2,0.15268762029642913,5
