,Model,Metric,Value,run
0,mlp4,mae,2.2351820285071073,8
1,mlp4,mad,1.782683007354736,8
2,mlp4,r2,0.37875433623867627,8
