,Model,Metric,Value,run
0,mlp4,mae,1.8912928890276899,5
1,mlp4,mad,1.4185899947509766,5
2,mlp4,r2,0.4610586085681466,5
