,Model,Metric,Value,run
0,mlp4,mae,2.3327732179540277,2
1,mlp4,mad,1.7369065247955322,2
2,mlp4,r2,-0.05654404545536207,2
