,Model,Metric,Value,run
0,mlp4,mae,1.980037984604888,5
1,mlp4,mad,1.5319989558715816,5
2,mlp4,r2,0.41606362136364117,5
