,Model,Metric,Value,run
0,mlp4,mae,2.1454293962315147,8
1,mlp4,mad,1.800333704772949,8
2,mlp4,r2,0.44607362902427494,8
