,Model,Metric,Value,run
0,mlp4,mae,2.5955710815007977,3
1,mlp4,mad,2.2759086927795407,3
2,mlp4,r2,0.2025813537894996,3
