,Model,Metric,Value,run
0,mlp4,mae,2.4563334918494593,1
1,mlp4,mad,2.0135710193481446,1
2,mlp4,r2,0.23841860022400774,1
