,Model,Metric,Value,run
0,mlp4,mae,2.062818553139739,5
1,mlp4,mad,1.6428457847595217,5
2,mlp4,r2,0.42267568664136246,5
