,Model,Metric,Value,run
0,mlp4,mae,2.715240559759203,8
1,mlp4,mad,2.2317557292785644,8
2,mlp4,r2,0.06863677574903615,8
