,Model,Metric,Value,run
0,mlp4,mae,2.462923655422378,3
1,mlp4,mad,2.199252558227539,3
2,mlp4,r2,0.2448150052461331,3
