,Model,Metric,Value,run
0,mlp4,mae,2.298800556198539,7
1,mlp4,mad,1.715124026702881,7
2,mlp4,r2,0.3378315935854058,7
