,Model,Metric,Value,run
0,mlp4,mae,2.447065579662281,7
1,mlp4,mad,2.164163880187988,7
2,mlp4,r2,0.34541284216903245,7
