,Model,Metric,Value,run
0,mlp4,mae,2.2888561080140333,9
1,mlp4,mad,1.692898598297119,9
2,mlp4,r2,-1.4477901427376225,9
