,Model,Metric,Value,run
0,mlp4,mae,2.229560152157291,3
1,mlp4,mad,1.9541279730682373,3
2,mlp4,r2,0.388788358410852,3
