,Model,Metric,Value,run
0,mlp4,mae,2.290181834731301,8
1,mlp4,mad,1.9578919361877443,8
2,mlp4,r2,0.36099660671902034,8
