,Model,Metric,Value,run
0,mlp4,mae,2.410687031278254,0
1,mlp4,mad,1.9270057903747557,0
2,mlp4,r2,0.05082017854214771,0
