,Model,Metric,Value,run
0,mlp4,mae,2.085939555629269,3
1,mlp4,mad,1.564035240814209,3
2,mlp4,r2,0.389417417694397,3
