,Model,Metric,Value,run
0,mlp4,mae,2.4589332893921987,3
1,mlp4,mad,2.1346835079345707,3
2,mlp4,r2,0.24382176742344563,3
