,Model,Metric,Value,run
0,mlp4,mae,2.405539236537891,4
1,mlp4,mad,2.0799715868835453,4
2,mlp4,r2,0.24303582804834056,4
