,Model,Metric,Value,run
0,mlp4,mae,2.291650683140262,5
1,mlp4,mad,1.8653821927795406,5
2,mlp4,r2,0.2973896387833357,5
