,Model,Metric,Value,run
0,mlp4,mae,2.2764784050905833,9
1,mlp4,mad,1.7652273698120116,9
2,mlp4,r2,0.1439197041444934,9
