,Model,Metric,Value,run
0,mlp4,mae,2.220799018113524,9
1,mlp4,mad,1.754623987457275,9
2,mlp4,r2,-0.07495006546049665,9
