,Model,Metric,Value,run
0,mlp4,mae,2.65756746369649,9
1,mlp4,mad,2.4519435453186036,9
2,mlp4,r2,0.1742807946195758,9
