,Model,Metric,Value,run
0,mlp4,mae,2.1646525610534333,3
1,mlp4,mad,1.6544209226379394,3
2,mlp4,r2,0.3635220604175098,3
