,Model,Metric,Value,run
0,mlp4,mae,2.2992747564465867,5
1,mlp4,mad,1.7232203001098632,5
2,mlp4,r2,-1.8001892777361967,5
