,Model,Metric,Value,run
0,mlp4,mae,2.2770971666618602,1
1,mlp4,mad,1.8188156026458735,1
2,mlp4,r2,0.3066508880065385,1
