,Model,Metric,Value,run
0,mlp4,mae,2.2807281406831845,5
1,mlp4,mad,1.8840621894531253,5
2,mlp4,r2,0.2881786469594706,5
