,Model,Metric,Value,run
0,mlp4,mae,2.1817667621999046,2
1,mlp4,mad,1.8598050285644527,2
2,mlp4,r2,0.39772449519384134,2
