,Model,Metric,Value,run
0,mlp4,mae,2.815586892659711,8
1,mlp4,mad,2.581586362701416,8
2,mlp4,r2,0.15124313248047627,8
