,Model,Metric,Value,run
0,mlp4,mae,2.0804835066778162,0
1,mlp4,mad,1.6548789555969243,0
2,mlp4,r2,0.4203655865870186,0
