,Model,Metric,Value,run
0,mlp4,mae,1.948683824271066,8
1,mlp4,mad,1.621149438018799,8
2,mlp4,r2,0.5243989453514311,8
