,Model,Metric,Value,run
0,mlp4,mae,2.540872307015136,2
1,mlp4,mad,2.0774111566772455,2
2,mlp4,r2,0.1927647079172501,2
