,Model,Metric,Value,run
0,mlp4,mae,2.271507425331032,0
1,mlp4,mad,1.7994885997924803,0
2,mlp4,r2,0.3636271199870291,0
