,Model,Metric,Value,run
0,mlp4,mae,2.654184902678794,3
1,mlp4,mad,2.470737786254883,3
2,mlp4,r2,0.16080604346593996,3
